userId,interaction_count
019b18d7-4a3a-72ec-a66c-2f585884d27b,120
019b18d7-4a39-7762-b9e5-658bc0e376fd,120
019b18d7-4a39-7762-b9e6-0b33944be255,119
019b18d7-4a39-7762-b9e6-4029f8df7c03,119
019b18d7-4a39-7762-b9e5-45610448a25b,118
019b18d7-4a39-7762-b9e5-4a0763299005,118
019b18d7-4a39-7762-b9e5-d62c647fb2a7,118
019b18d7-4a39-7762-b9e6-21c8590276c7,117
019b18d7-4a3a-72ec-a66c-475daf0a0371,117
019b18d7-4a3a-72ec-a66c-40e775b0df49,117
019b18d7-4a3a-72ec-a66c-2485c1f3aa70,116
019b18d7-4a39-7762-b9e5-ce01793bf71e,115
019b18d7-4a39-7762-b9e5-99b8797ef0c0,113
019b18d7-4a39-7762-b9e5-5e8f9e50d29b,113
019b18d7-4a3a-72ec-a66c-1742fa789f70,112
019b18d7-4a39-7762-b9e6-2bdd18c889fd,111
019b18d7-4a39-7762-b9e5-1a2d3bde0ea9,111
019b18d7-4a39-7762-b9e5-ebb62fb4bef4,111
019b18d7-4a39-7762-b9e5-d80edb0a5286,110
019b18d7-4a3a-72ec-a66c-5c626b3184aa,109
019b18d7-4a39-7762-b9e5-24890bde382d,109
019b18d7-4a39-7762-b9e6-2f1b77ab2b6e,108
019b18d7-4a39-7762-b9e5-e3e35939cc70,106
019b18d7-4a39-7762-b9e5-c52f35698419,105
019b18d7-4a39-7762-b9e5-f8436fa5ab71,104
019b18d7-4a39-7762-b9e6-3ce93a1315d7,104
019b18d7-4a39-7762-b9e5-76374f2d4952,104
019b18d7-4a39-7762-b9e6-1494a75dbb71,103
019b18d7-4a39-7762-b9e6-1b3fc76af52e,100
019b18d7-4a3a-72ec-a66c-2b8ba8b53484,100
019b18d7-4a39-7762-b9e5-0aa79eacc748,100
019b18d7-4a39-7762-b9e5-85512c43e91e,99
019b18d7-4a39-7762-b9e5-2d2c12eb8d5a,99
019b18d7-4a39-7762-b9e5-f3c3dbb23da6,99
019b18d7-4a39-7762-b9e6-1de370fcff85,99
019b18d7-4a39-7762-b9e5-79e8bd456224,99
019b18d7-4a3a-72ec-a66c-5329a5f696e9,98
019b18d7-4a39-7762-b9e6-06d880ba3552,98
019b18d7-4a39-7762-b9e5-b3b8242b36c5,97
019b18d7-4a39-7762-b9e5-4e8aa5b7e748,97
019b18d7-4a39-7762-b9e5-bd6094246bc7,96
019b18d7-4a39-7762-b9e6-1219ec34231c,95
019b18d7-4a39-7762-b9e5-0c2c2b6afdaf,94
019b18d7-4a39-7762-b9e5-121713285bb4,94
019b18d7-4a39-7762-b9e5-ec1b1090c428,94
019b18d7-4a39-7762-b9e6-3aa6f3b7224b,93
019b18d7-4a39-7762-b9e5-1e333685d39a,93
019b18d7-4a39-7762-b9e5-53bbce1ed078,93
019b18d7-4a39-7762-b9e5-947e25b10f40,91
019b18d7-4a39-7762-b9e5-6c015135f026,90
019b18d7-4a3a-72ec-a66c-5a9ebcb2aa00,89
019b18d7-4a39-7762-b9e5-41c8a3e1cb00,88
019b18d7-4a39-7762-b9e5-b7bc3a930ded,88
019b18d7-4a39-7762-b9e5-c9fabbb043b0,87
019b18d7-4a39-7762-b9e5-35524138e434,86
019b18d7-4a3a-72ec-a66c-39c0972578a1,84
019b18d7-4a39-7762-b9e5-8bc8235801b8,84
019b18d7-4a3a-72ec-a66c-3efe3110b915,84
019b18d7-4a39-7762-b9e5-d36ce4741740,83
019b18d7-4a39-7762-b9e5-90f02826c7df,83
019b18d7-4a39-7762-b9e5-6a3259fd2f22,82
019b18d7-4a3a-72ec-a66c-331f4d13a8df,81
019b18d7-4a3a-72ec-a66c-3728b0921e16,81
019b18d7-4a39-7762-b9e5-8f0dbc24b2c3,80
019b18d7-4a39-7762-b9e6-0d38c36190f3,80
019b18d7-4a39-7762-b9e5-c34addaa3f9b,80
019b18d7-4a39-7762-b9e5-f5a2de432d07,79
019b18d7-4a39-7762-b9e5-de95c3259938,79
019b18d7-4a39-7762-b9e5-fc1af489db0e,78
019b18d7-4a39-7762-b9e6-31a81f35e5d3,76
019b18d7-4a39-7762-b9e5-3f9c6ff16e38,75
019b18d7-4a39-7762-b9e5-9d2215dd4d7e,73
019b18d7-4a3a-72ec-a66c-0ffada13637d,73
019b18d7-4a39-7762-b9e5-3acb2d447505,73
019b18d7-4a3a-72ec-a66c-495646a4bb53,72
019b18d7-4a39-7762-b9e6-2732ed1a0cdd,71
019b18d7-4a39-7762-b9e5-ba8211e89f64,71
019b18d7-4a39-7762-b9e5-aee3fe6cd563,71
019b18d7-4a3a-72ec-a66c-1866911ddf51,71
019b18d7-4a3a-72ec-a66c-20a7ff3fb112,71
019b18d7-4a39-7762-b9e5-e5780be90688,71
019b18d7-4a39-7762-b9e5-33bfd03ebab8,70
019b18d7-4a39-7762-b9e5-717bf70817cf,70
019b18d7-4a39-7762-b9e5-7c2e1c5d5adb,68
019b18d7-4a39-7762-b9e5-a05997c206fd,68
019b18d7-4a3a-72ec-a66c-1e686be0e749,67
019b18d7-4a39-7762-b9e5-824b78cf2823,67
019b18d7-4a3a-72ec-a66c-4f28db6261b7,66
019b18d7-4a3a-72ec-a66c-577d27a1453c,66
019b18d7-4a39-7762-b9e5-20a02cd01910,66
019b18d7-4a39-7762-b9e5-6022535dc54c,66
019b18d7-4a39-7762-b9e5-597dc29703f6,66
019b18d7-4a39-7762-b9e5-ab6fedd6528a,66
019b18d7-4a39-7762-b9e5-55ad7a204326,65
019b18d7-4a39-7762-b9e5-14cdc3d7174d,64
019b18d7-4a39-7762-b9e5-a765ddd2b226,64
019b18d7-4a39-7762-b9e6-34bd2dae82e0,64
019b18d7-4a39-7762-b9e5-2ba55c007c60,63
019b18d7-4a39-7762-b9e6-0020e277abe7,62
019b18d7-4a3a-72ec-a66c-1289a2d9f241,61
019b18d7-4a3b-752a-881e-f54bf0a71af1,31
019b18d7-4a3a-72ec-a66d-471e79490215,31
019b18d7-4a3d-739f-ab7a-7eee1689b330,31
019b18d7-4a3c-7689-977d-41c9a001430b,31
019b18d7-4a3b-752a-881e-b6be0157f5a1,31
019b18d7-4a3b-752a-881e-fd4906ef4672,31
019b18d7-4a3d-739f-ab79-e4d21ed95a5b,30
019b18d7-4a3b-752a-8823-9ecbcb8b1fd5,30
019b18d7-4a3b-752a-8824-1368ae50b2f8,30
019b18d7-4a3b-752a-881e-762cda788dca,30
019b18d7-4a3c-7689-9780-7e13170113c0,30
019b18d7-4a3b-752a-8823-f1d8d0f4aa18,30
019b18d7-4a3c-7689-977d-6b3fbfcc7f1c,30
019b18d7-4a3b-752a-8824-0d2ad1f77d67,30
019b18d7-4a3c-7689-977d-92ce6fe00387,30
019b18d7-4a3b-752a-881d-8272e0fdf4a0,30
019b18d7-4a3d-739f-ab79-85a350b20f3c,30
019b18d7-4a3b-752a-8823-dd218a76ec31,30
019b18d7-4a3c-7689-9780-41a19cfcbb92,30
019b18d7-4a3d-739f-ab7a-36a1943e2df7,30
019b18d7-4a3b-752a-8823-aade4fe591c7,30
019b18d7-4a3b-752a-8824-616b6d603c74,30
019b18d7-4a3b-752a-881e-94e730d37a4f,30
019b18d7-4a3b-752a-8824-6a58dce33e95,30
019b18d7-4a3d-739f-ab78-c6216898f9ac,30
019b18d7-4a3c-7689-9782-8f714a2b4746,30
019b18d7-4a3c-7689-977c-44c02e27d567,30
019b18d7-4a3c-7689-9781-af47c1af7520,30
019b18d7-4a3c-7689-9781-878d4b9e435b,30
019b18d7-4a3b-752a-881e-c3ec46294645,30
019b18d7-4a3c-7689-977c-7514e4bbc523,30
019b18d7-4a3b-752a-881f-14a21f9511a2,30
019b18d7-4a3c-7689-9781-25d9482dfe86,30
019b18d7-4a3c-7689-977d-30024d2f5f52,30
019b18d7-4a3c-7689-977b-8913c4292daa,30
019b18d7-4a3b-752a-8825-3c1f44633beb,30
019b18d7-4a3c-7689-977c-deb0f11f77d4,30
019b18d7-4a3c-7689-9781-0c55846b18bc,30
019b18d7-4a3b-752a-8824-d46b686a1259,30
019b18d7-4a3a-72ec-a66e-4cd428b1cc4b,30
019b18d7-4a3b-752a-881e-929a97909339,30
019b18d7-4a3b-752a-881f-94fe731f6db2,30
019b18d7-4a3d-739f-ab7c-553507e72446,30
019b18d7-4a3c-7689-9782-4d65877837c6,30
019b18d7-4a3c-7689-977f-4c0c0830e661,30
019b18d7-4a3c-7689-977e-79e1d96435a7,30
019b18d7-4a3b-752a-8821-0dbb6f18cc1a,30
019b18d7-4a3b-752a-8821-405965720175,30
019b18d7-4a3d-739f-ab7a-a355ec39e4be,30
019b18d7-4a3c-7689-977f-72ded790263b,30
019b18d7-4a3b-752a-8820-384717949ab1,30
019b18d7-4a3c-7689-977f-0a4e13d403ba,30
019b18d7-4a3d-739f-ab7b-dcf8b5be14bd,30
019b18d7-4a3d-739f-ab7c-9ef5253e3f5e,30
019b18d7-4a3b-752a-8821-b4a31e205921,30
019b18d7-4a3d-739f-ab7c-baee37e43dd1,30
019b18d7-4a3d-739f-ab7b-bfd00870ea55,30
019b18d7-4a3b-752a-8821-c1e16d051adc,30
019b18d7-4a3d-739f-ab7b-649999c29b91,30
019b18d7-4a3a-72ec-a66c-d0ff798af4e6,30
019b18d7-4a3b-752a-8821-c9f0b63a9286,30
019b18d7-4a3c-7689-977f-a9fb979759fc,30
019b18d7-4a3b-752a-8822-97d05389b21e,30
019b18d7-4a3b-752a-881d-aaf5afb2e70b,30
019b18d7-4a3c-7689-977f-b18b395e656b,30
019b18d7-4a3b-752a-881f-cc05d6e2153c,30
019b18d7-4a3c-7689-977d-f274a713fa0c,30
019b18d7-4a3b-752a-8822-f87731bc0c91,30
019b18d7-4a3d-739f-ab7c-b7c2d5a009f4,30
019b18d7-4a3c-7689-977d-c76215675c4d,30
019b18d7-4a3b-752a-8823-505f4bb97620,30
019b18d7-4a3c-7689-977f-dac5c86f3ec9,30
019b18d7-4a3c-7689-977f-f92a52c1ff9d,30
019b18d7-4a3c-7689-977b-e61cdd536436,30
019b18d7-4a3a-72ec-a66c-955e77aea878,30
019b18d7-4a3c-7689-977e-d366ac450dbb,29
019b18d7-4a3c-7689-977e-e8b78f8a3666,29
019b18d7-4a3c-7689-977c-4a134425e585,29
019b18d7-4a3b-752a-881e-d6ce623e2e7a,29
019b18d7-4a3c-7689-977c-366d19ed1ea5,29
019b18d7-4a3c-7689-977b-f8dd8fc6c427,29
019b18d7-4a3c-7689-977e-f1e565e8f99e,29
019b18d7-4a3c-7689-9782-3c4c88c38267,29
019b18d7-4a3b-752a-881d-e483e8ba9e5a,29
019b18d7-4a3c-7689-977d-aad4c55c8a96,29
019b18d7-4a3c-7689-977c-80cda6b6f986,29
019b18d7-4a3c-7689-977c-9ad60d116d9d,29
019b18d7-4a3c-7689-977c-be42b500845b,29
019b18d7-4a3c-7689-977f-0c683f47de72,29
019b18d7-4a3b-752a-881d-ce079fd1cede,29
019b18d7-4a3c-7689-977c-ef0d18079f24,29
019b18d7-4a3c-7689-977e-38d7135c5fbd,29
019b18d7-4a3c-7689-977d-10534ad530c0,29
019b18d7-4a3c-7689-977f-8b4df5391bc2,29
019b18d7-4a3c-7689-977e-028f272be580,29
019b18d7-4a3c-7689-9780-84fe03b68fb9,29
019b18d7-4a3c-7689-977d-d653137168e7,29
019b18d7-4a3c-7689-977d-9b1d4043a6f6,29
019b18d7-4a3c-7689-977f-5535e26e8241,29
019b18d7-4a3b-752a-8822-e45815fe0360,29
019b18d7-4a3c-7689-977b-da3bb28e7f42,29
019b18d7-4a3b-752a-8824-70e87ea35d19,29
019b18d7-4a3d-739f-ab79-ee01130d5ee2,29
019b18d7-4a3d-739f-ab79-fb808dc5c2bf,29
019b18d7-4a3d-739f-ab7a-02c925973f6c,29
019b18d7-4a3b-752a-8823-b96a497b7668,29
019b18d7-4a3a-72ec-a66d-167826e2e91c,29
019b18d7-4a3b-752a-8823-7e9841fff024,29
019b18d7-4a3d-739f-ab7a-a6327cb1f5ad,29
019b18d7-4a3b-752a-8823-69dc934fd958,29
019b18d7-4a3b-752a-8823-4a88ea56b1f8,29
019b18d7-4a3c-7689-977e-dc0e37b868af,29
019b18d7-4a3b-752a-8821-baae3f0cbc69,29
019b18d7-4a3a-72ec-a66c-b96e3a99e314,29
019b18d7-4a3b-752a-8820-18db22be6c5e,29
019b18d7-4a3b-752a-8820-23fb424aa430,29
019b18d7-4a3d-739f-ab7c-125e323fa3bd,29
019b18d7-4a3d-739f-ab7c-6caf7e8fd8fe,29
019b18d7-4a3b-752a-8821-34050e218e52,29
019b18d7-4a3a-72ec-a66c-8fef8d460797,29
019b18d7-4a3d-739f-ab7c-831676dc5638,29
019b18d7-4a3b-752a-8821-1ea5d6133d49,29
019b18d7-4a3a-72ec-a66c-777d937da631,29
019b18d7-4a3b-752a-8821-1702bfb7a443,29
019b18d7-4a3b-752a-8820-fc65b3838f3a,29
019b18d7-4a3b-752a-8824-3bf8ccc8f41e,29
019b18d7-4a3a-72ec-a66d-42210254cca3,29
019b18d7-4a3c-7689-977e-dbe4f0a19f50,29
019b18d7-4a3a-72ec-a66d-cfee8ba2e60f,29
019b18d7-4a3d-739f-ab78-af33374d9198,29
019b18d7-4a3a-72ec-a66d-c3e3959922d4,29
019b18d7-4a3c-7689-9782-d76178f3e66b,29
019b18d7-4a3c-7689-977b-909b4ace932a,29
019b18d7-4a3d-739f-ab78-d6366f79d9b1,29
019b18d7-4a3c-7689-9782-b0b1f1ee7cdb,29
019b18d7-4a3b-752a-881f-09f7da3ba6ef,29
019b18d7-4a3d-739f-ab79-0a0b95dd839c,29
019b18d7-4a3b-752a-8825-0623db4ae8cb,29
019b18d7-4a3b-752a-8824-e69e5567945b,29
019b18d7-4a3b-752a-881f-52b4ec080b82,29
019b18d7-4a3d-739f-ab79-451471c3f3d3,29
019b18d7-4a3c-7689-9782-9fe5cd12a881,29
019b18d7-4a3c-7689-977b-d4f32fa5869a,28
019b18d7-4a3c-7689-977e-8023e5523bf7,28
019b18d7-4a3c-7689-977e-aa09256a60f7,28
019b18d7-4a3b-752a-881e-1b7f423b1b6a,28
019b18d7-4a3c-7689-977b-fe017cba4128,28
019b18d7-4a3c-7689-977c-663efca0afe3,28
019b18d7-4a3c-7689-977b-c26f3795cc1a,28
019b18d7-4a3b-752a-8820-60b76c4a4202,28
019b18d7-4a3b-752a-8820-270b42a720c0,28
019b18d7-4a3c-7689-977d-28e161dc26b4,28
019b18d7-4a3c-7689-977b-9ef005b56d40,28
019b18d7-4a3c-7689-977b-9508e267a77a,28
019b18d7-4a3b-752a-8824-80f86c5d50a8,28
019b18d7-4a3b-752a-8822-5c2a532ac21e,28
019b18d7-4a3b-752a-881f-db4d1a5b0761,28
019b18d7-4a3b-752a-8822-ec43fd780875,28
019b18d7-4a3b-752a-881f-b169ffb9bb5c,28
019b18d7-4a3b-752a-881f-2a9a61a560a8,28
019b18d7-4a3c-7689-977c-e7d4d681ca32,28
019b18d7-4a3b-752a-8824-df136b4c6961,28
019b18d7-4a3b-752a-881e-f96e6dcfdb6e,28
019b18d7-4a3c-7689-977d-5b9d98834d0e,28
019b18d7-4a3b-752a-8824-207653730e1e,28
019b18d7-4a3b-752a-881f-72e0208febcd,28
019b18d7-4a3c-7689-977d-f9cd41c2258d,28
019b18d7-4a3c-7689-9781-83c398e2606c,28
019b18d7-4a3a-72ec-a66d-8fcb7ab870f2,28
019b18d7-4a3c-7689-9781-088e9b70c0d5,28
019b18d7-4a3c-7689-9780-527197ed1f8c,28
019b18d7-4a3c-7689-9780-5b8aeb2587f3,28
019b18d7-4a3d-739f-ab7b-9640581db135,28
019b18d7-4a3a-72ec-a66e-6497cb39837f,28
019b18d7-4a3d-739f-ab7a-1e13e920aa5e,28
019b18d7-4a3a-72ec-a66d-d2634ada6076,28
019b18d7-4a3d-739f-ab7b-3e7c597cf5be,28
019b18d7-4a3d-739f-ab7a-2f3fc9547a39,28
019b18d7-4a3d-739f-ab7a-4991110586f6,28
019b18d7-4a3a-72ec-a66d-edbe495cfc43,28
019b18d7-4a3d-739f-ab78-a4e6ca6d9df7,28
019b18d7-4a3c-7689-9782-4574caf482f1,28
019b18d7-4a3d-739f-ab7a-8f9e47b0f24f,28
019b18d7-4a3c-7689-9782-305fa8945bb2,28
019b18d7-4a3c-7689-9781-3d891a90c134,28
019b18d7-4a3c-7689-9781-577b03f9826a,28
019b18d7-4a3c-7689-9781-6d349e2365e2,28
019b18d7-4a3b-752a-8820-7e26a54c626a,28
019b18d7-4a3c-7689-9782-2b1e41ea039d,28
019b18d7-4a3c-7689-9781-948e42f6c550,28
019b18d7-4a3c-7689-9782-149d18c822f8,28
019b18d7-4a3c-7689-9780-4ae436c28232,28
019b18d7-4a3d-739f-ab7b-d1d8810cada2,28
019b18d7-4a3c-7689-977f-d689f59fa039,28
019b18d7-4a3d-739f-ab7c-e301ff11ea98,28
019b18d7-4a3c-7689-977f-317217ef9cfe,28
019b18d7-4a3c-7689-977e-f7d956c2b3a5,28
019b18d7-4a3b-752a-881d-d542aeef3200,28
019b18d7-4a3d-739f-ab79-3e2ecdd2eb5c,28
019b18d7-4a3d-739f-ab79-500735eaad73,28
019b18d7-4a3d-739f-ab78-fb952eb84ed3,28
019b18d7-4a3a-72ec-a66d-6efaacfee1a3,28
019b18d7-4a3a-72ec-a66c-93c25710b015,28
019b18d7-4a3d-739f-ab7c-34fdcab53d26,28
019b18d7-4a3a-72ec-a66d-0d0430fbe97a,28
019b18d7-4a3c-7689-977f-8d134797a28a,28
019b18d7-4a3a-72ec-a66d-a25d75bf7b0d,28
019b18d7-4a3b-752a-881d-b0e53456d075,28
019b18d7-4a3d-739f-ab7b-e5d10bf45ef2,28
019b18d7-4a3c-7689-977f-d06dd8f15c94,28
019b18d7-4a3d-739f-ab79-91cdf851484e,28
019b18d7-4a3b-752a-881f-8e4c7d6dda2b,27
019b18d7-4a3b-752a-8824-4055a7c0f39e,27
019b18d7-4a3d-739f-ab7a-2be0d4a6fbbe,27
019b18d7-4a3d-739f-ab79-ce5904e27618,27
019b18d7-4a3d-739f-ab79-8e1462cc64c1,27
019b18d7-4a3d-739f-ab7a-976150c2b2e6,27
019b18d7-4a3b-752a-8824-b17d84e3d35a,27
019b18d7-4a3a-72ec-a66d-62b39eec6938,27
019b18d7-4a3d-739f-ab7b-0ab5b45516f7,27
019b18d7-4a3d-739f-ab7a-c08d9a12a0ca,27
019b18d7-4a3d-739f-ab7a-c71f2f83546a,27
019b18d7-4a3b-752a-8820-a82cc4f089c5,27
019b18d7-4a3b-752a-8820-c32e34872852,27
019b18d7-4a3b-752a-8820-d854e1f4d886,27
019b18d7-4a3d-739f-ab7c-d66163764d94,27
019b18d7-4a3a-72ec-a66c-6d0e7e019e95,27
019b18d7-4a3a-72ec-a66c-787da7fa080f,27
019b18d7-4a3b-752a-8821-55fc3683e42c,27
019b18d7-4a3a-72ec-a66c-a94733202384,27
019b18d7-4a3d-739f-ab7b-e9d6a23c10b2,27
019b18d7-4a3b-752a-8821-782546e93790,27
019b18d7-4a3b-752a-8821-a03b15ec7f19,27
019b18d7-4a3d-739f-ab7b-a27619df63d2,27
019b18d7-4a3b-752a-8821-cd192751b267,27
019b18d7-4a3b-752a-881f-f26cf9318bcd,27
019b18d7-4a3d-739f-ab7b-53de249309f1,27
019b18d7-4a3b-752a-881f-e80c399f9d50,27
019b18d7-4a3b-752a-8822-a8f252c9c45b,27
019b18d7-4a3b-752a-8822-b644ae6fafda,27
019b18d7-4a3d-739f-ab7b-33520df0f7bd,27
019b18d7-4a3b-752a-8822-d9d8fc019c7b,27
019b18d7-4a3d-739f-ab79-0ed74dd36e5b,27
019b18d7-4a3b-752a-8822-e8dcf513916c,27
019b18d7-4a3b-752a-8823-0d5e88826be0,27
019b18d7-4a3d-739f-ab7a-d7f6bdd54ad7,27
019b18d7-4a3b-752a-881f-a8b2fd630e74,27
019b18d7-4a3a-72ec-a66d-7ed89f565194,27
019b18d7-4a3c-7689-977e-e55688a540f0,27
019b18d7-4a3a-72ec-a66d-87a5928064a2,27
019b18d7-4a3c-7689-977c-398f0c592d01,27
019b18d7-4a3a-72ec-a66e-0cbe15aee926,27
019b18d7-4a3c-7689-977c-b113d21fdf52,27
019b18d7-4a3c-7689-9781-2b64650a9045,27
019b18d7-4a3c-7689-9781-16f91c2dc1e0,27
019b18d7-4a3b-752a-8825-03bc336e3611,27
019b18d7-4a3c-7689-9780-a0f25b5a75bc,27
019b18d7-4a3c-7689-9780-804f3b5342b0,27
019b18d7-4a3c-7689-9780-38623542fb4d,27
019b18d7-4a3c-7689-977d-f6a8a630298a,27
019b18d7-4a3b-752a-881e-445d2e28304f,27
019b18d7-4a3c-7689-977d-fd17c8fe8781,27
019b18d7-4a3c-7689-977e-121a72e16598,27
019b18d7-4a3c-7689-977e-2f922ce94ab4,27
019b18d7-4a3c-7689-977f-74e13e20e916,27
019b18d7-4a3c-7689-977e-4b42e7250f21,27
019b18d7-4a3c-7689-977e-5b7a21f5719f,27
019b18d7-4a3c-7689-977f-39b55d740cbb,27
019b18d7-4a3c-7689-9781-eace38de4548,27
019b18d7-4a3c-7689-9780-c5edb998233f,27
019b18d7-4a3c-7689-977c-3254f0ac5a20,27
019b18d7-4a3a-72ec-a66d-b9e894abc6b3,27
019b18d7-4a3c-7689-9782-6f5c2ce15db7,27
019b18d7-4a3c-7689-977b-aef91f07d9b7,27
019b18d7-4a3a-72ec-a66d-fa2b0ed55e5e,27
019b18d7-4a3d-739f-ab78-a8686f83c846,27
019b18d7-4a3a-72ec-a66d-e11dcccdb6e5,27
019b18d7-4a3b-752a-881f-18bcc95fe74a,27
019b18d7-4a3d-739f-ab78-cc0b2d5f6675,27
019b18d7-4a3d-739f-ab78-fcc3b2788ebf,27
019b18d7-4a3c-7689-977b-8dbee6bcfa97,27
019b18d7-4a3c-7689-977f-b530a865a43d,26
019b18d7-4a3b-752a-8824-252583a503cc,26
019b18d7-4a3c-7689-977e-1c7348b6b9d3,26
019b18d7-4a3c-7689-977e-3446ebcdc46b,26
019b18d7-4a3d-739f-ab7c-c52e19cc9fc5,26
019b18d7-4a3d-739f-ab7c-c954a1720682,26
019b18d7-4a3d-739f-ab79-8123716466b0,26
019b18d7-4a3c-7689-9780-0be6137852bc,26
019b18d7-4a3d-739f-ab78-e282e0942b0c,26
019b18d7-4a3b-752a-8820-cf3df5e67444,26
019b18d7-4a3b-752a-8825-3a9dd8a9dd25,26
019b18d7-4a3b-752a-8820-bf7377797c86,26
019b18d7-4a3b-752a-8820-b562a8bb141d,26
019b18d7-4a3c-7689-977e-fd294a836804,26
019b18d7-4a3c-7689-977e-b6577ac8e7bd,26
019b18d7-4a3b-752a-8820-a2f026e070bc,26
019b18d7-4a3b-752a-8820-9477f44fe970,26
019b18d7-4a3c-7689-977d-ce12b94ffb46,26
019b18d7-4a3b-752a-8821-c46d50df82ee,26
019b18d7-4a3d-739f-ab79-b04fd00c059a,26
019b18d7-4a3d-739f-ab7b-152e719f6e78,26
019b18d7-4a3c-7689-977c-6f4eb300f214,26
019b18d7-4a3b-752a-8823-4fcd225db822,26
019b18d7-4a3d-739f-ab7a-d0f260fddcb3,26
019b18d7-4a3c-7689-9781-7e52c669b229,26
019b18d7-4a3b-752a-8823-086758933135,26
019b18d7-4a3d-739f-ab7a-ec3c8c53ea9b,26
019b18d7-4a3d-739f-ab7b-047f8943aec6,26
019b18d7-4a3c-7689-9782-707477d2dcb5,26
019b18d7-4a3c-7689-9782-f1dee73fb38e,26
019b18d7-4a3c-7689-977c-e130b101f22c,26
019b18d7-4a3d-739f-ab7b-6376b4e1752c,26
019b18d7-4a3c-7689-9780-f08ff94199e9,26
019b18d7-4a3c-7689-9780-be4c1d65410a,26
019b18d7-4a3c-7689-9780-b87558dd1d26,26
019b18d7-4a3c-7689-977d-1913707562c5,26
019b18d7-4a3c-7689-9780-a90866a5f814,26
019b18d7-4a3d-739f-ab79-f5f8534142c2,26
019b18d7-4a3b-752a-8822-2432c492999f,26
019b18d7-4a3b-752a-8821-f9d728c20ec0,26
019b18d7-4a3c-7689-977d-38a5239f1e2f,26
019b18d7-4a3b-752a-8820-8a1118bae751,26
019b18d7-4a3c-7689-977f-94b70f05d0c3,26
019b18d7-4a3a-72ec-a66c-febb6c732de2,26
019b18d7-4a3b-752a-881e-9c4b5d465ead,26
019b18d7-4a3a-72ec-a66c-7fdf3ff7782d,26
019b18d7-4a3b-752a-881e-65894b316efe,26
019b18d7-4a3a-72ec-a66d-904791f5af83,26
019b18d7-4a3b-752a-881f-cbb2a0d13f9f,26
019b18d7-4a3a-72ec-a66d-4a983f04afba,26
019b18d7-4a3a-72ec-a66d-703151c28a3b,26
019b18d7-4a3b-752a-881d-bb66ad238431,26
019b18d7-4a3b-752a-881f-3344309b6c1d,26
019b18d7-4a3b-752a-8820-4bd46c43c004,26
019b18d7-4a3b-752a-881f-fd12e613d67b,26
019b18d7-4a3b-752a-881f-984f2dc8bee3,26
019b18d7-4a3a-72ec-a66e-54837ff2bea4,26
019b18d7-4a3d-739f-ab79-a306458cea68,25
019b18d7-4a3a-72ec-a66d-d67b134cc0ef,25
019b18d7-4a3c-7689-977c-14faf5c58737,25
019b18d7-4a3b-752a-881e-6a432f5765d7,25
019b18d7-4a3c-7689-9780-de309c5fdb40,25
019b18d7-4a3d-739f-ab7c-6764bb916a9a,25
019b18d7-4a3c-7689-977f-6f70611b2bf7,25
019b18d7-4a3a-72ec-a66c-dc15c50d8849,25
019b18d7-4a3a-72ec-a66c-c9f5e18fd378,25
019b18d7-4a3b-752a-8821-48505f6cbe89,25
019b18d7-4a3c-7689-9782-50e23980cf54,25
019b18d7-4a3c-7689-9781-a4bc49be10db,25
019b18d7-4a3d-739f-ab79-970e40a55143,25
019b18d7-4a3b-752a-881e-e64b8e6835ad,25
019b18d7-4a3c-7689-977e-bb44a636271f,25
019b18d7-4a3b-752a-8821-7f273d28c1e0,25
019b18d7-4a3d-739f-ab7a-bd15ab31f0d2,25
019b18d7-4a3b-752a-8822-8389f25f438c,25
019b18d7-4a3d-739f-ab7b-4a914b2d3510,25
019b18d7-4a3b-752a-8821-bf365682e700,25
019b18d7-4a3d-739f-ab79-59813cb30e59,25
019b18d7-4a3c-7689-977e-6ca611c30412,25
019b18d7-4a3d-739f-ab79-daebdd4d6420,25
019b18d7-4a3d-739f-ab7b-54c284510197,25
019b18d7-4a3b-752a-8821-db24da4b4c3e,25
019b18d7-4a3c-7689-977d-b7f63f6a713b,25
019b18d7-4a3c-7689-9781-5e3e251927e2,25
019b18d7-4a3b-752a-8821-9e171583611e,25
019b18d7-4a3a-72ec-a66c-8383023edee5,25
019b18d7-4a3b-752a-881e-79a2821cc1ca,25
019b18d7-4a3b-752a-8822-a073a17f375d,25
019b18d7-4a3b-752a-8821-84d8f3e017ca,25
019b18d7-4a3b-752a-881f-02b4d91bbc28,25
019b18d7-4a3c-7689-977f-83df23e4deac,25
019b18d7-4a3b-752a-881e-6ebfc19dcc88,25
019b18d7-4a3c-7689-9780-009e856ae4af,25
019b18d7-4a3d-739f-ab7c-17a96767eb99,25
019b18d7-4a3d-739f-ab7c-93557953bd3f,25
019b18d7-4a3c-7689-977c-b6f9ada60046,25
019b18d7-4a3d-739f-ab7a-e68b420db4d6,25
019b18d7-4a3c-7689-9781-21780fcdd734,25
019b18d7-4a3a-72ec-a66c-a6fd8d507cca,25
019b18d7-4a3b-752a-8825-41268c5649d1,25
019b18d7-4a3a-72ec-a66e-1b494b603f42,25
019b18d7-4a3b-752a-8823-1410be53df60,25
019b18d7-4a3c-7689-9781-708c1760c893,25
019b18d7-4a3c-7689-9782-13b2d1c8effa,25
019b18d7-4a3c-7689-9780-99383753af46,25
019b18d7-4a3b-752a-881e-5522bb0e4895,25
019b18d7-4a3c-7689-977c-fe5450692e28,25
019b18d7-4a3b-752a-881d-efebbe445334,25
019b18d7-4a3a-72ec-a66e-631692427825,25
019b18d7-4a3c-7689-977f-87ae4d55bcb1,25
019b18d7-4a3b-752a-8825-213567ac1d1e,25
019b18d7-4a3b-752a-8821-1af74e87378a,25
019b18d7-4a3b-752a-8822-6b19aefaabb0,25
019b18d7-4a3d-739f-ab7c-d031c9947696,25
019b18d7-4a3b-752a-881e-be971672caad,25
019b18d7-4a3d-739f-ab7b-a9e1557da3c8,25
019b18d7-4a3b-752a-8821-038af72c4cf5,25
019b18d7-4a3b-752a-881f-c3d2f36e1605,25
019b18d7-4a3c-7689-977d-0aba900bd597,25
019b18d7-4a3d-739f-ab79-bbc5fc26a38b,25
019b18d7-4a3b-752a-8822-4fdb161fc1e1,24
019b18d7-4a3c-7689-9782-0421862ff711,24
019b18d7-4a3c-7689-9780-d6dd398125d5,24
019b18d7-4a3b-752a-881e-1550159aec27,24
019b18d7-4a3c-7689-9781-f9153c0f84c5,24
019b18d7-4a3d-739f-ab7a-a9efce804e24,24
019b18d7-4a3c-7689-977c-8bfed4c29c84,24
019b18d7-4a3c-7689-977e-8efdc3e67ec5,24
019b18d7-4a3a-72ec-a66d-83e283204be1,24
019b18d7-4a3c-7689-977d-467e531d576f,24
019b18d7-4a3d-739f-ab7b-e3fded151959,24
019b18d7-4a3c-7689-977c-cd274d584969,24
019b18d7-4a3b-752a-8823-80c09aa8309d,24
019b18d7-4a3c-7689-977c-c4300f3a180d,24
019b18d7-4a3b-752a-881d-eb7c2412b3ce,24
019b18d7-4a3d-739f-ab7c-227fd5d667e2,24
019b18d7-4a3b-752a-8823-3bcf3207a0ed,24
019b18d7-4a3b-752a-8823-b080f8a03b98,24
019b18d7-4a3d-739f-ab7a-cfd8472f17c4,24
019b18d7-4a3c-7689-977c-f2f3d4f09974,24
019b18d7-4a3b-752a-8823-10ad6db28fe7,24
019b18d7-4a3c-7689-977f-ad7c44370dc6,24
019b18d7-4a3b-752a-8823-d0c3efd2de0a,24
019b18d7-4a3c-7689-977c-ab32e4cbca74,24
019b18d7-4a3b-752a-881f-c6c9b7a8c393,24
019b18d7-4a3d-739f-ab7a-c8b685aea062,24
019b18d7-4a3c-7689-9781-10dca2180338,24
019b18d7-4a3d-739f-ab7c-28c890baf43f,24
019b18d7-4a3c-7689-9781-b1d9d96f4d8a,24
019b18d7-4a3c-7689-9780-fbe325df3a92,24
019b18d7-4a3d-739f-ab7b-fb417ec4d0f5,24
019b18d7-4a3d-739f-ab79-2ac8a9af79fc,24
019b18d7-4a3c-7689-977e-a0477311f56e,24
019b18d7-4a3d-739f-ab7c-7248e0ca9f48,24
019b18d7-4a3b-752a-881f-7da11f2e0c5e,24
019b18d7-4a3c-7689-977c-94c1c8165b21,24
019b18d7-4a3b-752a-8822-4392e01d3114,24
019b18d7-4a3d-739f-ab7b-f0562116ba3b,24
019b18d7-4a3b-752a-8820-286900444bcb,24
019b18d7-4a3d-739f-ab79-f0a0fa084f88,24
019b18d7-4a3c-7689-977c-187fcd11379d,24
019b18d7-4a3d-739f-ab7b-8e6211e400e0,24
019b18d7-4a3b-752a-8824-5e0073691258,24
019b18d7-4a3d-739f-ab7a-7a93396b1b3d,24
019b18d7-4a3b-752a-8825-176c75b87400,24
019b18d7-4a3d-739f-ab7a-722353ba7919,24
019b18d7-4a3d-739f-ab78-b7b9f6d56ffa,24
019b18d7-4a3b-752a-8821-043cb4127730,24
019b18d7-4a3d-739f-ab7c-0e6d6be68c14,24
019b18d7-4a3b-752a-8820-f8e2195a346b,24
019b18d7-4a3c-7689-977f-939c05242ce7,24
019b18d7-4a3d-739f-ab79-fe35d68a4fd3,24
019b18d7-4a3a-72ec-a66d-4f253e51d803,24
019b18d7-4a3c-7689-977e-45460ea9afd5,24
019b18d7-4a3d-739f-ab7c-f17d15a999d6,24
019b18d7-4a3d-739f-ab7b-c20e90d4b069,24
019b18d7-4a3c-7689-9782-e396565737fa,24
019b18d7-4a3b-752a-8820-64f63b62e4cd,24
019b18d7-4a3b-752a-8820-99489ab23461,24
019b18d7-4a3c-7689-977b-a85eb2bc2e96,24
019b18d7-4a3b-752a-881f-0d933219fbb4,24
019b18d7-4a3c-7689-977e-15d176d88920,24
019b18d7-4a3c-7689-977f-ba4e4395391f,24
019b18d7-4a3d-739f-ab78-97223c6f3e19,24
019b18d7-4a3a-72ec-a66c-cc760625670c,24
019b18d7-4a3b-752a-8823-6dd13d43ba73,24
019b18d7-4a3b-752a-881f-45fa279aee30,24
019b18d7-4a3c-7689-9782-63f3a354671e,24
019b18d7-4a3b-752a-881d-d2b226c37267,24
019b18d7-4a3c-7689-977d-9cfe793ac0d4,24
019b18d7-4a3c-7689-977f-5849089e8633,24
019b18d7-4a3c-7689-9780-4e67499155ed,24
019b18d7-4a3d-739f-ab79-dc1cf1483ba2,24
019b18d7-4a3b-752a-881d-7dad55811fa6,24
019b18d7-4a3b-752a-8822-11dc2fdef467,24
019b18d7-4a3b-752a-881e-ce2ec4ddd5e9,24
019b18d7-4a3b-752a-8823-7324303164d2,24
019b18d7-4a3b-752a-8824-76622bc2100d,24
019b18d7-4a3b-752a-881f-f70a12d599b5,24
019b18d7-4a3d-739f-ab7c-315ce1de464e,24
019b18d7-4a3c-7689-977d-800ed52f01f8,24
019b18d7-4a3b-752a-8821-d3afd3a0bedd,24
019b18d7-4a3c-7689-977b-d2a7555a87cc,23
019b18d7-4a3c-7689-9781-2f6b50616032,23
019b18d7-4a3b-752a-8824-32200579b523,23
019b18d7-4a3b-752a-881f-1da750f957eb,23
019b18d7-4a3c-7689-977b-83c6eeec49c5,23
019b18d7-4a3c-7689-977e-28026cef2c56,23
019b18d7-4a3b-752a-8824-78adea50f3c8,23
019b18d7-4a3d-739f-ab7c-3d868b32b8d9,23
019b18d7-4a3c-7689-977b-b3f98de2603d,23
019b18d7-4a3b-752a-881f-9e112deb1a51,23
019b18d7-4a3d-739f-ab7c-944aaa15575f,23
019b18d7-4a3c-7689-977b-ca51e851177f,23
019b18d7-4a3b-752a-881d-970465b9057e,23
019b18d7-4a3d-739f-ab7a-69128d690066,23
019b18d7-4a3c-7689-977f-e4545e812960,23
019b18d7-4a3c-7689-977f-fe9008389635,23
019b18d7-4a3b-752a-8824-00e28e565e5f,23
019b18d7-4a3b-752a-8823-fef5d5a00a83,23
019b18d7-4a3d-739f-ab7a-82fbfd130c37,23
019b18d7-4a3b-752a-8823-f57878e5ce52,23
019b18d7-4a3b-752a-8824-f24eff31a1a7,23
019b18d7-4a3b-752a-8823-ec53f392c6a2,23
019b18d7-4a3d-739f-ab79-6163807bf7e4,23
019b18d7-4a3d-739f-ab7a-8a2138338be5,23
019b18d7-4a3d-739f-ab7c-5df3f4e41d4a,23
019b18d7-4a3c-7689-9780-1f88220f4d2d,23
019b18d7-4a3b-752a-8825-1a164d6f5848,23
019b18d7-4a3d-739f-ab7a-6e325758805f,23
019b18d7-4a3c-7689-977f-49b04a21b7d1,23
019b18d7-4a3b-752a-881f-4ae6d9e83801,23
019b18d7-4a3c-7689-977c-54d39a7ca698,23
019b18d7-4a3d-739f-ab7c-49f11b616fa2,23
019b18d7-4a3b-752a-881d-a1b2a8ac8027,23
019b18d7-4a3c-7689-9782-58c60f57a249,23
019b18d7-4a3c-7689-9781-bcf7e2545bff,23
019b18d7-4a3c-7689-9781-d8252d7a1797,23
019b18d7-4a3a-72ec-a66e-09b4e17a23f8,23
019b18d7-4a3b-752a-8821-088d83b3bbd0,23
019b18d7-4a3c-7689-9782-baa00796bca7,23
019b18d7-4a3c-7689-9782-0a141738a7f7,23
019b18d7-4a3c-7689-977e-5621e1037166,23
019b18d7-4a3b-752a-881e-58c54ab176bc,23
019b18d7-4a3b-752a-8822-653de78eeb13,23
019b18d7-4a3b-752a-881f-ed899b4bde27,23
019b18d7-4a3d-739f-ab7c-09488f78f517,23
019b18d7-4a3b-752a-8822-5288f4c9e9eb,23
019b18d7-4a3d-739f-ab7c-88b0c3ce573f,23
019b18d7-4a3b-752a-8821-4798f56b6a54,23
019b18d7-4a3b-752a-8821-50e39ba22766,23
019b18d7-4a3d-739f-ab79-eaf6cc48a7dd,23
019b18d7-4a3d-739f-ab7a-0e7615b7c37d,23
019b18d7-4a3c-7689-9782-a0059aac57f9,23
019b18d7-4a3d-739f-ab7b-2eee14af3602,23
019b18d7-4a3d-739f-ab7b-71420ba71523,23
019b18d7-4a3c-7689-977d-6cd8e7c3b37d,23
019b18d7-4a3b-752a-881e-1c2e6f4746f2,23
019b18d7-4a3a-72ec-a66c-8babd8981cb2,23
019b18d7-4a3c-7689-977d-acb84709e849,23
019b18d7-4a3a-72ec-a66c-f7fe8759de76,23
019b18d7-4a3b-752a-8821-e455e66524c7,23
019b18d7-4a3b-752a-8821-99ffd14b1bb6,23
019b18d7-4a3b-752a-8820-15cb71314f4b,23
019b18d7-4a3b-752a-8821-a72b2861359b,23
019b18d7-4a3c-7689-977e-71121ca5df28,23
019b18d7-4a3d-739f-ab7c-00e7ca2ec475,23
019b18d7-4a3c-7689-9781-ef041f35e59a,23
019b18d7-4a3d-739f-ab78-b048c9f0ce98,23
019b18d7-4a3b-752a-8823-214fbb41796e,23
019b18d7-4a3d-739f-ab78-939c6f634f3b,23
019b18d7-4a3b-752a-8820-6ea5c1be576a,23
019b18d7-4a3b-752a-8820-6955ad5a176b,23
019b18d7-4a3b-752a-8823-561920d9c537,23
019b18d7-4a3a-72ec-a66d-56ad21bc9dd8,23
019b18d7-4a3c-7689-9781-7a49bf98100d,23
019b18d7-4a3b-752a-8823-3e857fd3b514,23
019b18d7-4a3b-752a-8820-a6f282f7f44a,23
019b18d7-4a3a-72ec-a66d-c4070e83dd2d,23
019b18d7-4a3b-752a-8823-2cde1c0643f7,23
019b18d7-4a3b-752a-8820-56cf47eb27ac,23
019b18d7-4a3b-752a-881e-99c7412c7312,23
019b18d7-4a3c-7689-9782-e80c2fb8a428,23
019b18d7-4a3c-7689-9782-9130e2c985b1,23
019b18d7-4a3c-7689-977d-15608c706624,23
019b18d7-4a3b-752a-8820-c865762c1608,23
019b18d7-4a3c-7689-9782-d9f11f364990,23
019b18d7-4a3a-72ec-a66c-ed14ced23826,23
019b18d7-4a3b-752a-8820-c786010d8949,23
019b18d7-4a3c-7689-9781-9ef78fd3bd7e,23
019b18d7-4a3d-739f-ab7c-efffeb25105c,22
019b18d7-4a3c-7689-977f-6397bd154c2e,22
019b18d7-4a3c-7689-977b-b6ffdb6bcbf2,22
019b18d7-4a3b-752a-881f-10a53dd86c08,22
019b18d7-4a3b-752a-8820-f20b32fbca18,22
019b18d7-4a3c-7689-9782-997e0d6814ea,22
019b18d7-4a3c-7689-977b-a595bb95e32d,22
019b18d7-4a3c-7689-977c-1c41a79ee4a7,22
019b18d7-4a3b-752a-881d-ae0e93612e93,22
019b18d7-4a3d-739f-ab7a-87a0bca3a60f,22
019b18d7-4a3c-7689-977b-7e6eeaa99594,22
019b18d7-4a3d-739f-ab7b-688ecaca8355,22
019b18d7-4a3c-7689-977f-5d93b6b63bd8,22
019b18d7-4a3c-7689-9782-a5203355b409,22
019b18d7-4a3b-752a-8820-f41b4727add0,22
019b18d7-4a3d-739f-ab7b-79d77bf54688,22
019b18d7-4a3c-7689-9780-2f0755fc4946,22
019b18d7-4a3c-7689-977d-de8bca549397,22
019b18d7-4a3b-752a-881d-98d6ffed67e8,22
019b18d7-4a3c-7689-977f-f6aad11465dc,22
019b18d7-4a3b-752a-881d-b5bec00edcd6,22
019b18d7-4a3d-739f-ab7c-f4bbb2f2d6e9,22
019b18d7-4a3c-7689-977d-c247c615a29c,22
019b18d7-4a3c-7689-977f-c4588468c2d6,22
019b18d7-4a3d-739f-ab7c-da7fbe70e913,22
019b18d7-4a3b-752a-8821-b3c6a9d6139e,22
019b18d7-4a3c-7689-977c-ae39a19edccb,22
019b18d7-4a3c-7689-9780-ea66f404ef59,22
019b18d7-4a3c-7689-9781-f517dc808d58,22
019b18d7-4a3a-72ec-a66d-e594b3a6a29c,22
019b18d7-4a3b-752a-8822-ad9d8ab26989,22
019b18d7-4a3c-7689-9781-d33a1b48d099,22
019b18d7-4a3b-752a-881f-82269265ee62,22
019b18d7-4a3b-752a-8822-dc331ce54324,22
019b18d7-4a3d-739f-ab79-bdaf4fd61b5e,22
019b18d7-4a3a-72ec-a66e-352e1dc6a57a,22
019b18d7-4a3c-7689-977f-2207a039fada,22
019b18d7-4a3b-752a-8823-b5567f9d1559,22
019b18d7-4a3b-752a-881e-aa7117d3e040,22
019b18d7-4a3d-739f-ab7a-de01293360ca,22
019b18d7-4a3c-7689-9781-4f34b250da68,22
019b18d7-4a3b-752a-8823-91755b64e202,22
019b18d7-4a3d-739f-ab7a-da1fb5dc6413,22
019b18d7-4a3d-739f-ab79-acba3c2268fa,22
019b18d7-4a3a-72ec-a66d-b6520bdbeeff,22
019b18d7-4a3b-752a-8822-6fc742a1ac01,22
019b18d7-4a3c-7689-977c-8d7b73aab31b,22
019b18d7-4a3c-7689-977e-21ea00a328c0,22
019b18d7-4a3b-752a-8824-4e3d9c5d3b28,22
019b18d7-4a3a-72ec-a66d-f01332f1a869,22
019b18d7-4a3d-739f-ab78-d8784b47a225,22
019b18d7-4a3b-752a-8824-5575d0eee36b,22
019b18d7-4a3b-752a-8824-983fc1d1ba56,22
019b18d7-4a3d-739f-ab7b-26e4cc2f229c,22
019b18d7-4a3c-7689-9782-5ef027134f80,22
019b18d7-4a3b-752a-8822-1942e7f960ae,22
019b18d7-4a3b-752a-881e-38e53e53398f,21
019b18d7-4a3c-7689-977c-d74a6c522c8e,21
019b18d7-4a3b-752a-881e-ac0be239080d,21
019b18d7-4a3b-752a-881e-625108d481ef,21
019b18d7-4a3b-752a-881e-d8f9f960f348,21
019b18d7-4a3c-7689-977d-8b0361316da2,21
019b18d7-4a3b-752a-881e-31871456862b,21
019b18d7-4a3c-7689-977d-7ee07843d893,21
019b18d7-4a3c-7689-977e-330deb19b940,21
019b18d7-4a3d-739f-ab7a-274eb85c7085,21
019b18d7-4a3d-739f-ab7a-21e63d664144,21
019b18d7-4a3c-7689-977f-414a2422a6c4,21
019b18d7-4a3c-7689-977c-7cdd52720bdc,21
019b18d7-4a3d-739f-ab7c-878ba98f3bb5,21
019b18d7-4a3c-7689-977d-cab75b43fa3d,21
019b18d7-4a3d-739f-ab79-88f1437a9336,21
019b18d7-4a3d-739f-ab7c-5901020493e5,21
019b18d7-4a3c-7689-977c-a66c835527a3,21
019b18d7-4a3b-752a-881e-c5d9c5888016,21
019b18d7-4a3c-7689-977c-a0777b75cba7,21
019b18d7-4a3c-7689-977d-23cc599e31de,21
019b18d7-4a3c-7689-977d-2d13bdd4fe7d,21
019b18d7-4a3c-7689-977c-718ea26ce55b,21
019b18d7-4a3d-739f-ab7c-8e528aa4fcea,21
019b18d7-4a3c-7689-977c-865a258abaab,21
019b18d7-4a3c-7689-977e-5f65f20730c8,21
019b18d7-4a3d-739f-ab7c-7fa7a71bb540,21
019b18d7-4a3c-7689-977c-08e1b5b2fafa,21
019b18d7-4a3b-752a-881e-cb82223ecaba,21
019b18d7-4a3a-72ec-a66c-721b88df4c39,21
019b18d7-4a3c-7689-9781-617beb0ec848,21
019b18d7-4a3b-752a-8822-72741831ea0d,21
019b18d7-4a3b-752a-8820-1e9815a84e70,21
019b18d7-4a3b-752a-8821-8262929f57ca,21
019b18d7-4a3d-739f-ab79-54f2a2c80492,21
019b18d7-4a3b-752a-8821-8b76aa57e9c2,21
019b18d7-4a3b-752a-881f-dea084a2784e,21
019b18d7-4a3c-7689-9780-76f36855527b,21
019b18d7-4a3b-752a-8822-a53e8d81d9c2,21
019b18d7-4a3a-72ec-a66c-61afeb483809,21
019b18d7-4a3b-752a-8821-ec21ef541c47,21
019b18d7-4a3b-752a-8822-fe0d5552ab4c,21
019b18d7-4a3b-752a-8822-01f54fb93846,21
019b18d7-4a3b-752a-881d-7b9f30b2fd7b,21
019b18d7-4a3a-72ec-a66d-9f82fa1f542a,21
019b18d7-4a3c-7689-9780-d1b72d9a3bac,21
019b18d7-4a3d-739f-ab79-33ccc391dd8e,21
019b18d7-4a3b-752a-8822-16c5db6c392d,21
019b18d7-4a3a-72ec-a66d-015d57ca0cc2,21
019b18d7-4a3b-752a-8822-59fd7486b321,21
019b18d7-4a3b-752a-8822-20618708b3da,21
019b18d7-4a3c-7689-9781-1e558f1825b8,21
019b18d7-4a3b-752a-8824-05ca071d1d13,21
019b18d7-4a3a-72ec-a66e-03a8e7046b1b,21
019b18d7-4a3b-752a-881f-86f03c17ea0e,21
019b18d7-4a3a-72ec-a66e-078aef568188,21
019b18d7-4a3a-72ec-a66d-9438dd62e857,21
019b18d7-4a3b-752a-8825-08743591ae2a,21
019b18d7-4a3b-752a-8820-796008ae4719,21
019b18d7-4a3b-752a-8823-1ccf14e29a13,21
019b18d7-4a3a-72ec-a66e-107ecceba38f,21
019b18d7-4a3b-752a-8820-e45c8bea66f0,21
019b18d7-4a3b-752a-8823-326a6cad4b5f,21
019b18d7-4a3d-739f-ab7c-eabc2e8fb6f6,21
019b18d7-4a3d-739f-ab79-1628b50dfdcf,21
019b18d7-4a3c-7689-977f-c1381db9320f,21
019b18d7-4a3c-7689-977b-774d0436605a,21
019b18d7-4a3a-72ec-a66d-ae665cb103da,21
019b18d7-4a3b-752a-8824-f900d18e6d09,21
019b18d7-4a3c-7689-9781-6a85287890aa,21
019b18d7-4a3b-752a-8824-e31901126012,21
019b18d7-4a3d-739f-ab7c-ad61bc539caa,21
019b18d7-4a3a-72ec-a66c-c7dda1b6eb97,21
019b18d7-4a3c-7689-9780-3e5833e4b2cb,21
019b18d7-4a3b-752a-8825-33baf73e123f,21
019b18d7-4a3b-752a-881e-8ef67518735b,20
019b18d7-4a3b-752a-881f-d29732d03dc5,20
019b18d7-4a3d-739f-ab7a-f5a43fff317e,20
019b18d7-4a3c-7689-977e-c8c29f7ed114,20
019b18d7-4a3c-7689-977e-8a0d4594a1fb,20
019b18d7-4a3b-752a-8822-84d6a169085a,20
019b18d7-4a3c-7689-9781-e284f7f7d7da,20
019b18d7-4a3b-752a-8822-c50ce0811e07,20
019b18d7-4a3c-7689-9781-ddf69aaf3cbb,20
019b18d7-4a3c-7689-977b-bed52b0051f0,20
019b18d7-4a3d-739f-ab7b-3ac1cbc165ed,20
019b18d7-4a3c-7689-9782-194d54afc872,20
019b18d7-4a3b-752a-8822-2daeac2dc140,20
019b18d7-4a3b-752a-881e-35e1e05ae6a9,20
019b18d7-4a3c-7689-9782-f6e6c06f7c3c,20
019b18d7-4a3a-72ec-a66d-bc9468034741,20
019b18d7-4a3c-7689-977e-07ffe8047bc2,20
019b18d7-4a3a-72ec-a66c-c2337c9bcef7,20
019b18d7-4a3b-752a-881e-537bd6e31359,20
019b18d7-4a3d-739f-ab7b-b5e4588b960a,20
019b18d7-4a3b-752a-8820-46372c244dee,20
019b18d7-4a3b-752a-8820-3fc0aa8f13eb,20
019b18d7-4a3b-752a-8821-2f08552adda8,20
019b18d7-4a3d-739f-ab78-ba309500d427,20
019b18d7-4a3b-752a-8820-2ca7deb7b707,20
019b18d7-4a3b-752a-8821-5e8b28d381f3,20
019b18d7-4a3b-752a-8821-8cfec89df22c,20
019b18d7-4a3a-72ec-a66c-d581c44c3c27,20
019b18d7-4a3b-752a-8820-10d591fedc67,20
019b18d7-4a3c-7689-977d-9640fd5a9f5b,20
019b18d7-4a3c-7689-977d-8d15747f4847,20
019b18d7-4a3c-7689-977d-8716761a9642,20
019b18d7-4a3c-7689-9782-38140642153f,20
019b18d7-4a3a-72ec-a66c-e142da6a4f23,20
019b18d7-4a3c-7689-9781-a1169df69bfb,20
019b18d7-4a3c-7689-977e-65081d57b84b,20
019b18d7-4a3a-72ec-a66d-8bb63aff7f1d,20
019b18d7-4a3c-7689-9780-ec0eab79af63,20
019b18d7-4a3c-7689-9780-c94fd05a5a8c,20
019b18d7-4a3d-739f-ab7c-c31c17b8be52,20
019b18d7-4a3d-739f-ab79-43933d8ed521,20
019b18d7-4a3c-7689-9780-9f9d3a6e172d,20
019b18d7-4a3c-7689-9781-8e63eadd95b6,20
019b18d7-4a3d-739f-ab7a-39ae3ca604a5,20
019b18d7-4a3d-739f-ab7a-9a3db87b00aa,20
019b18d7-4a3c-7689-977c-3c875669b79c,20
019b18d7-4a3c-7689-9780-6a4e2abe1209,20
019b18d7-4a3a-72ec-a66d-126fd3cd5b34,20
019b18d7-4a3a-72ec-a66c-b3afe5c6b928,20
019b18d7-4a3c-7689-977c-23b6167900ea,20
019b18d7-4a3d-739f-ab79-658a23fad6a9,20
019b18d7-4a3a-72ec-a66d-5a80d2d3c0ce,20
019b18d7-4a3b-752a-8825-0e7aedca29b2,20
019b18d7-4a3c-7689-9780-0decea16362d,20
019b18d7-4a3a-72ec-a66c-ada11379813f,20
019b18d7-4a3d-739f-ab79-7d8900ce32cc,20
019b18d7-4a3b-752a-8825-516e3e77af89,20
019b18d7-4a3c-7689-977b-dfc7ff22e43d,20
019b18d7-4a3b-752a-881f-2e4d9f6f59a0,20
019b18d7-4a3b-752a-881f-69de98f9a7ae,20
019b18d7-4a3d-739f-ab79-4a3227744c71,20
019b18d7-4a3c-7689-977f-1d2708d33bd9,20
019b18d7-4a3b-752a-881f-887d124071b9,20
019b18d7-4a3d-739f-ab7a-e86b08c390af,20
019b18d7-4a3c-7689-977c-f82a0d9e4219,20
019b18d7-4a3d-739f-ab79-11ab0b0dff41,20
019b18d7-4a3a-72ec-a66e-2035dac61ea6,20
019b18d7-4a3b-752a-881e-a4b058b97628,20
019b18d7-4a3c-7689-9781-64fd5c83c13c,20
019b18d7-4a3c-7689-9781-514bc8d4ebe0,20
019b18d7-4a3b-752a-8823-892bae42fce5,20
019b18d7-4a3c-7689-977c-c23418f82250,20
019b18d7-4a3a-72ec-a66e-31d002f8ba46,20
019b18d7-4a3a-72ec-a66c-65bf8820e8b4,20
019b18d7-4a3d-739f-ab79-220a60530626,20
019b18d7-4a3a-72ec-a66d-2cd0193362af,20
019b18d7-4a3a-72ec-a66e-4704baa5135b,20
019b18d7-4a3b-752a-8823-bf91c2cbe9fe,20
019b18d7-4a3a-72ec-a66d-fc12e171e4b9,19
019b18d7-4a3c-7689-977e-cec6a19221bb,19
019b18d7-4a3c-7689-977e-40409f71760e,19
019b18d7-4a3c-7689-9782-df057a62477a,19
019b18d7-4a3d-739f-ab79-72d09e268f4c,19
019b18d7-4a3c-7689-9780-7841e6f9b47d,19
019b18d7-4a3b-752a-881e-2a436e8ecb79,19
019b18d7-4a3d-739f-ab79-26e977d84206,19
019b18d7-4a3c-7689-9782-ee1b18950b3a,19
019b18d7-4a3d-739f-ab79-37b32946a00a,19
019b18d7-4a3d-739f-ab79-c25155bd16d5,19
019b18d7-4a3b-752a-881d-9ff6953adcda,19
019b18d7-4a3c-7689-9780-1274ffd9c8c9,19
019b18d7-4a3a-72ec-a66e-5c33c4b0da0b,19
019b18d7-4a3a-72ec-a66d-a87db26d4849,19
019b18d7-4a3c-7689-9782-bd9a357b4afe,19
019b18d7-4a3c-7689-977f-781346d25e33,19
019b18d7-4a3c-7689-9782-b66f2717dde3,19
019b18d7-4a3a-72ec-a66d-c8c0d3382eb6,19
019b18d7-4a3c-7689-977f-2feec59ee67b,19
019b18d7-4a3c-7689-9780-306a0813c69b,19
019b18d7-4a3d-739f-ab79-2f8b79fc93a0,19
019b18d7-4a3b-752a-881d-76e8bc466ae1,19
019b18d7-4a3d-739f-ab78-f3ad057856da,19
019b18d7-4a3c-7689-9781-36b797bbb80b,19
019b18d7-4a3d-739f-ab7c-627c7085607c,19
019b18d7-4a3c-7689-9782-7560d7d311c5,19
019b18d7-4a3d-739f-ab79-b525c47023d4,19
019b18d7-4a3d-739f-ab7c-2f7badf18f5c,19
019b18d7-4a3b-752a-8824-7f6a19e1ecde,19
019b18d7-4a3d-739f-ab7c-a77a62db4602,19
019b18d7-4a3b-752a-881f-e758199beca6,19
019b18d7-4a3b-752a-8825-37dd3c09dc5e,19
019b18d7-4a3b-752a-8825-4b14db35d938,19
019b18d7-4a3d-739f-ab7a-6592f632b377,19
019b18d7-4a3b-752a-8822-79af7a68d009,19
019b18d7-4a3d-739f-ab7a-6312ddb86a91,19
019b18d7-4a3b-752a-881f-05148b9071ae,19
019b18d7-4a3c-7689-977d-1ed9ea3e5db0,19
019b18d7-4a3b-752a-8823-cf4de9ef7076,19
019b18d7-4a3c-7689-977c-26be03dc31df,19
019b18d7-4a3c-7689-977c-2bf0fa18ab49,19
019b18d7-4a3b-752a-881e-d3875d95041e,19
019b18d7-4a3b-752a-8821-f496f630634d,19
019b18d7-4a3c-7689-977c-926dce54e21e,19
019b18d7-4a3b-752a-8822-9da70fe38c58,19
019b18d7-4a3d-739f-ab7b-1f875b71ca2f,19
019b18d7-4a3a-72ec-a66c-e60ff109ed96,19
019b18d7-4a3b-752a-881f-43d41c12671f,19
019b18d7-4a3b-752a-8824-a7ce8ce46a22,19
019b18d7-4a3d-739f-ab7b-0350f57bc556,19
019b18d7-4a3b-752a-8824-a1e0784b659e,19
019b18d7-4a3b-752a-8824-9f93f0184e3b,19
019b18d7-4a3b-752a-8824-917236830606,19
019b18d7-4a3b-752a-8824-8e9cfeef798a,19
019b18d7-4a3b-752a-8824-8904fc625037,19
019b18d7-4a3b-752a-881f-bb925719d350,19
019b18d7-4a3d-739f-ab7a-9d9afefa8191,19
019b18d7-4a3b-752a-8823-19aa08386846,19
019b18d7-4a3b-752a-881f-593bbc2af2e6,19
019b18d7-4a3b-752a-881f-60dd87416606,19
019b18d7-4a3b-752a-8823-a33c53deb8b4,19
019b18d7-4a3d-739f-ab7b-ffd83af070ca,19
019b18d7-4a3d-739f-ab7c-a02263548d33,19
019b18d7-4a3b-752a-8821-2828975ed813,19
019b18d7-4a3b-752a-881e-71792e76b8e3,19
019b18d7-4a3b-752a-8820-5d7ddd80fa6a,19
019b18d7-4a3c-7689-977d-4b5145009c0c,19
019b18d7-4a3c-7689-977d-4cb02a653c72,19
019b18d7-4a3b-752a-881e-5f4ff6fdfdcb,19
019b18d7-4a3c-7689-977d-53dbf1eb73c4,19
019b18d7-4a3b-752a-8820-406f5dc23076,19
019b18d7-4a3b-752a-881d-8437ad51bdb0,18
019b18d7-4a3b-752a-881f-3a6b8db0a3de,18
019b18d7-4a3d-739f-ab7c-f833bb26914f,18
019b18d7-4a3d-739f-ab7c-5215e466c330,18
019b18d7-4a3c-7689-977b-e1c7b897e700,18
019b18d7-4a3c-7689-9781-9bb064b30062,18
019b18d7-4a3a-72ec-a66c-f2227c8e24e8,18
019b18d7-4a3b-752a-881d-be17c91b598c,18
019b18d7-4a3b-752a-881e-226dbf1534c1,18
019b18d7-4a3c-7689-977e-095d495db844,18
019b18d7-4a3b-752a-8824-6dc9b8761f41,18
019b18d7-4a3c-7689-977c-01f1061bfc7a,18
019b18d7-4a3c-7689-977c-07e200fe13a4,18
019b18d7-4a3c-7689-977c-0de6548f4478,18
019b18d7-4a3b-752a-881f-5c4dd2d185c4,18
019b18d7-4a3d-739f-ab7a-f183ebfc72ad,18
019b18d7-4a3c-7689-977e-90fa64731e41,18
019b18d7-4a3c-7689-9781-c3c03097deb3,18
019b18d7-4a3b-752a-8822-62a99ef08d95,18
019b18d7-4a3b-752a-8825-2882104a04ca,18
019b18d7-4a3b-752a-881e-e230f7d5f343,18
019b18d7-4a3c-7689-977f-cc975ec4c479,18
019b18d7-4a3b-752a-8822-cbf804e08b8b,18
019b18d7-4a3c-7689-977e-62619e755621,18
019b18d7-4a3c-7689-9781-fd7a234ba5cf,18
019b18d7-4a3c-7689-977f-de30350e94f9,18
019b18d7-4a3c-7689-9781-b88394c60f56,18
019b18d7-4a3a-72ec-a66c-ebaafed4bf15,18
019b18d7-4a3b-752a-8824-b566b5d92da5,18
019b18d7-4a3b-752a-8824-bf11cb0ca072,18
019b18d7-4a3b-752a-8822-8a9db2a629ec,18
019b18d7-4a3c-7689-977f-6601a4ced71f,18
019b18d7-4a3b-752a-8823-c3eaadfe2ab2,18
019b18d7-4a3d-739f-ab7a-08215747a46f,18
019b18d7-4a3a-72ec-a66d-dc0fd5aa6c78,18
019b18d7-4a3c-7689-977d-0f2bc74609a5,18
019b18d7-4a3c-7689-977e-fbb9096bf88f,18
019b18d7-4a3c-7689-9781-015c7499949a,18
019b18d7-4a3a-72ec-a66c-9a59cdf75c19,18
019b18d7-4a3c-7689-977f-05a003474501,18
019b18d7-4a3b-752a-8823-7b15be0181a1,18
019b18d7-4a3b-752a-8821-d7e20d1e21ca,18
019b18d7-4a3a-72ec-a66e-4383a7df8da2,18
019b18d7-4a3c-7689-977c-c9f4c8ce9533,18
019b18d7-4a3d-739f-ab7c-6acb6eaafb8e,18
019b18d7-4a3b-752a-881f-6cf72b295d3c,18
019b18d7-4a3d-739f-ab7a-baef52e1d630,18
019b18d7-4a3b-752a-8821-dfb007aa1556,18
019b18d7-4a3d-739f-ab7c-198354c2498d,18
019b18d7-4a3b-752a-8824-345b94d00476,18
019b18d7-4a3c-7689-977c-60a3e16347a0,18
019b18d7-4a3b-752a-881e-09556c2486e1,18
019b18d7-4a3c-7689-977f-35be3ae11284,18
019b18d7-4a3b-752a-881f-fb9b1739e52b,18
019b18d7-4a3b-752a-881e-7d4e161e617a,18
019b18d7-4a3d-739f-ab7a-e307ea3e45a9,18
019b18d7-4a3d-739f-ab78-bea0f0ed6671,18
019b18d7-4a3c-7689-9782-859343d4b00d,18
019b18d7-4a3c-7689-9782-891ceeb1d347,18
019b18d7-4a3a-72ec-a66d-b059bef7acbb,18
019b18d7-4a3b-752a-8823-e62836b77d57,17
019b18d7-4a3b-752a-8823-ae2d52001699,17
019b18d7-4a3d-739f-ab7c-b3253bddc292,17
019b18d7-4a3b-752a-881f-904c8faec845,17
019b18d7-4a3c-7689-9781-c9a1b55bf4ff,17
019b18d7-4a3c-7689-9780-2a1800e5e171,17
019b18d7-4a3c-7689-9780-b7d837eab90c,17
019b18d7-4a3a-72ec-a66e-2cf3538e337b,17
019b18d7-4a3b-752a-8824-143ed394669f,17
019b18d7-4a3b-752a-8823-99ca6fc1067e,17
019b18d7-4a3c-7689-9781-75418f328a95,17
019b18d7-4a3a-72ec-a66e-2b4c1a097c9d,17
019b18d7-4a3b-752a-8820-dcec6aa61da7,17
019b18d7-4a3d-739f-ab7a-b21cb14f27d9,17
019b18d7-4a3b-752a-8820-8311a338be2f,17
019b18d7-4a3c-7689-9781-5b590be265c3,17
019b18d7-4a3b-752a-8823-61f9c497ebde,17
019b18d7-4a3a-72ec-a66e-51f51fd49b38,17
019b18d7-4a3b-752a-8823-36b7ade0cb6f,17
019b18d7-4a3c-7689-977d-bbf795bab891,17
019b18d7-4a3b-752a-8820-717de633ef63,17
019b18d7-4a3c-7689-9780-afb9a73aecf7,17
019b18d7-4a3d-739f-ab79-04b3f7cd9332,17
019b18d7-4a3c-7689-977b-781b977bdcb7,17
019b18d7-4a3b-752a-8820-e1a376250c8b,17
019b18d7-4a3a-72ec-a66d-5e108190a230,17
019b18d7-4a3b-752a-8822-3bae4c89c511,17
019b18d7-4a3d-739f-ab7b-34a2a4dcf708,17
019b18d7-4a3c-7689-977e-9e60e318e055,17
019b18d7-4a3b-752a-8822-041cf0fac7bc,17
019b18d7-4a3c-7689-977f-519a0019723f,17
019b18d7-4a3a-72ec-a66d-ea6e54807597,17
019b18d7-4a3a-72ec-a66c-842c9aec4bf8,17
019b18d7-4a3c-7689-977c-586d18988230,17
019b18d7-4a3c-7689-977f-3f8bca56e534,17
019b18d7-4a3d-739f-ab7c-1ed476630968,17
019b18d7-4a3d-739f-ab7b-6f31fb85b72e,17
019b18d7-4a3c-7689-977f-1934f823a003,17
019b18d7-4a3c-7689-977c-d99528a82b0f,17
019b18d7-4a3b-752a-881e-a177166f0c8c,17
019b18d7-4a3c-7689-977d-01d9da758c23,17
019b18d7-4a3c-7689-977d-074f3fae4837,17
019b18d7-4a3b-752a-881d-f4440ed45769,17
019b18d7-4a3b-752a-881d-fd37b594e43b,17
019b18d7-4a3b-752a-8821-93fa1f730fd6,17
019b18d7-4a3c-7689-977d-27cdeb7ea41c,17
019b18d7-4a3b-752a-881e-84e4d918ddf9,17
019b18d7-4a3c-7689-977b-e824702c4bc0,17
019b18d7-4a3b-752a-8822-3309141d1f55,17
019b18d7-4a3b-752a-8822-7db308fba253,17
019b18d7-4a3d-739f-ab7a-5a56b356f663,17
019b18d7-4a3a-72ec-a66c-9e140c2119a8,17
019b18d7-4a3b-752a-881f-27b415659b50,17
019b18d7-4a3c-7689-977f-ecaaa07f52b9,17
019b18d7-4a3b-752a-8821-26badb3779ac,17
019b18d7-4a3b-752a-8822-54ce34efb3f1,17
019b18d7-4a3d-739f-ab7c-39813356d125,17
019b18d7-4a3c-7689-977f-e93c22c7c529,17
019b18d7-4a3c-7689-977d-377d0b67c92f,17
019b18d7-4a3b-752a-8822-8f46c4226eb9,17
019b18d7-4a3d-739f-ab7c-deda045b2020,17
019b18d7-4a3b-752a-8822-981945338c75,17
019b18d7-4a3b-752a-8823-a5a9b566a6ea,16
019b18d7-4a3c-7689-9782-c6f21dfb0e17,16
019b18d7-4a3c-7689-9781-439323a403a4,16
019b18d7-4a3b-752a-8821-219ad0d5b16c,16
019b18d7-4a3c-7689-9782-6568033214a3,16
019b18d7-4a3c-7689-9782-781c25e2b1a3,16
019b18d7-4a3c-7689-9782-cc36f83ea149,16
019b18d7-4a3c-7689-9781-cf1a1bf5499c,16
019b18d7-4a3b-752a-8822-3cde436f5c4a,16
019b18d7-4a3d-739f-ab7b-82d432858953,16
019b18d7-4a3b-752a-8822-f75ace790a68,16
019b18d7-4a3c-7689-9782-012455431aa7,16
019b18d7-4a3b-752a-881f-a2d9caef346a,16
019b18d7-4a3b-752a-8822-764a4591eb46,16
019b18d7-4a3b-752a-8821-fdec2c1249af,16
019b18d7-4a3b-752a-8820-4c5f72d4b69b,16
019b18d7-4a3a-72ec-a66d-f5cc0261df11,16
019b18d7-4a3b-752a-8822-0dd993576b8b,16
019b18d7-4a3c-7689-9781-e752c8201a3c,16
019b18d7-4a3b-752a-8823-26308fd859a8,16
019b18d7-4a3d-739f-ab7b-c645446e1f50,16
019b18d7-4a3b-752a-8820-87bfacd1e4f2,16
019b18d7-4a3a-72ec-a66d-da5653632ba4,16
019b18d7-4a3c-7689-977c-d3e35690cf61,16
019b18d7-4a3d-739f-ab79-1cdc3ed798ad,16
019b18d7-4a3c-7689-977e-bdac92010257,16
019b18d7-4a3d-739f-ab79-4c82287dcb12,16
019b18d7-4a3c-7689-977e-7ca88f7a3f9b,16
019b18d7-4a3c-7689-9780-724da663d170,16
019b18d7-4a3d-739f-ab79-9dc8a9cff225,16
019b18d7-4a3d-739f-ab79-d6be7681fb22,16
019b18d7-4a3c-7689-9780-5cb250f27df8,16
019b18d7-4a3b-752a-8824-aad30a51782f,16
019b18d7-4a3c-7689-9780-476f2cdadb23,16
019b18d7-4a3d-739f-ab79-5eca57a09cb0,16
019b18d7-4a3b-752a-8824-ee912d38e42b,16
019b18d7-4a3d-739f-ab79-cb7bed4ee212,16
019b18d7-4a3c-7689-977e-18ea22a9d041,16
019b18d7-4a3b-752a-881f-3f3982c23271,16
019b18d7-4a3b-752a-8825-11ecea5b1693,16
019b18d7-4a3c-7689-977e-ef739045f256,16
019b18d7-4a3b-752a-881f-23391ba1ea0a,16
019b18d7-4a3b-752a-881d-e2e757ebdaa1,16
019b18d7-4a3c-7689-977b-bacdf3bc6c0b,16
019b18d7-4a3b-752a-881d-cb6231fc428d,16
019b18d7-4a3c-7689-977b-c578311433d0,16
019b18d7-4a3c-7689-977f-a6f582f87d55,16
019b18d7-4a3c-7689-977b-ee8b6b32e0c8,16
019b18d7-4a3c-7689-977d-73b3ddd26732,16
019b18d7-4a3c-7689-9780-67e040070da9,16
019b18d7-4a3a-72ec-a66d-224f4fcbc913,16
019b18d7-4a3b-752a-8823-fa06a60f020f,16
019b18d7-4a3b-752a-8824-1d5ca6b35593,16
019b18d7-4a3c-7689-977d-be68cc9153e3,16
019b18d7-4a3c-7689-9780-e54006886c74,16
019b18d7-4a3b-752a-881f-779323095f0a,16
019b18d7-4a3b-752a-8824-47979cb71198,16
019b18d7-4a3b-752a-8824-0a467bc0ecee,16
019b18d7-4a3c-7689-977d-e040f06949c8,16
019b18d7-4a3b-752a-881f-784786ab5b4b,16
019b18d7-4a3c-7689-977e-508c3e121720,16
019b18d7-4a3b-752a-881e-48d7655dce4d,16
019b18d7-4a3c-7689-977e-3c887655786b,16
019b18d7-4a3b-752a-881e-2fd586293d67,16
019b18d7-4a3c-7689-9782-57cdad4d7e7a,15
019b18d7-4a3b-752a-881e-dfa0b6245d27,15
019b18d7-4a3d-739f-ab7b-404c224f5745,15
019b18d7-4a3b-752a-881e-bb868392a4cf,15
019b18d7-4a3b-752a-8820-8d87374f144f,15
019b18d7-4a3d-739f-ab7b-efb599477006,15
019b18d7-4a3c-7689-977c-f42e5f041e61,15
019b18d7-4a3d-739f-ab78-d373b0600bdc,15
019b18d7-4a3c-7689-977c-13f4f1a12e29,15
019b18d7-4a3c-7689-977e-0f3b7c9d4824,15
019b18d7-4a3b-752a-8820-03d3a9ab578f,15
019b18d7-4a3b-752a-881d-de52adcf140f,15
019b18d7-4a3c-7689-977d-77a6adddf8db,15
019b18d7-4a3b-752a-8820-92f885c43ead,15
019b18d7-4a3d-739f-ab79-c4a20f202261,15
019b18d7-4a3b-752a-8821-1081e93b5af8,15
019b18d7-4a3c-7689-9782-d3d0cc64d46b,15
019b18d7-4a3c-7689-977e-86653c0b588e,15
019b18d7-4a3d-739f-ab7c-0487cdf24abc,15
019b18d7-4a3c-7689-9782-af1646b94ef3,15
019b18d7-4a3b-752a-8821-31e2eeeb5f32,15
019b18d7-4a3c-7689-977d-d8c018d79843,15
019b18d7-4a3d-739f-ab7b-9963e2397eb7,15
019b18d7-4a3b-752a-8820-53ad0766d444,15
019b18d7-4a3d-739f-ab7c-79101139e25b,15
019b18d7-4a3b-752a-881e-1092f69c05c7,15
019b18d7-4a3b-752a-881e-4f5ab3ab0ca1,15
019b18d7-4a3c-7689-977e-b183f69656bf,15
019b18d7-4a3c-7689-9782-979fc6503f1a,15
019b18d7-4a3d-739f-ab7b-c9170c99e6fa,15
019b18d7-4a3a-72ec-a66c-d87ae100c9e0,15
019b18d7-4a3a-72ec-a66d-6768140dda4a,15
019b18d7-4a3d-739f-ab7a-f9bee4cbd7a2,15
019b18d7-4a3b-752a-8823-4321c0463dad,15
019b18d7-4a3d-739f-ab7a-536a05907a2e,15
019b18d7-4a3b-752a-8822-f0f81177676d,15
019b18d7-4a3b-752a-881d-6ddd723891c9,15
019b18d7-4a3b-752a-8824-856551452c32,15
019b18d7-4a3a-72ec-a66e-176c79a41504,15
019b18d7-4a3b-752a-8823-019bab81ebd6,15
019b18d7-4a3c-7689-9780-8b140d3b8e80,15
019b18d7-4a3c-7689-9780-95ec9146b0f3,15
019b18d7-4a3a-72ec-a66e-58c196dadacd,15
019b18d7-4a3b-752a-8823-45f09dc4bde6,15
019b18d7-4a3b-752a-8824-ad5e926ac67f,15
019b18d7-4a3b-752a-881f-b540557c1dbe,15
019b18d7-4a3b-752a-8823-5ec7ae30c251,15
019b18d7-4a3b-752a-8823-97f7b214bf43,15
019b18d7-4a3c-7689-9781-47fab353c760,15
019b18d7-4a3c-7689-9781-390453dbc58d,15
019b18d7-4a3c-7689-9780-fcc40fefbc48,15
019b18d7-4a3c-7689-9781-0675cab6bf79,15
019b18d7-4a3b-752a-8823-e17692934a83,15
019b18d7-4a3b-752a-8823-d5f44a174bf3,15
019b18d7-4a3c-7689-9780-614b04b3c16c,15
019b18d7-4a3c-7689-977e-26cf80373bc9,15
019b18d7-4a3b-752a-8822-bcf56f373374,15
019b18d7-4a3c-7689-9780-14c80325d8b7,15
019b18d7-4a3c-7689-977b-8457db73207c,15
019b18d7-4a3d-739f-ab7b-11298a5d1957,15
019b18d7-4a3a-72ec-a66c-f871221c9937,15
019b18d7-4a3b-752a-8825-46031461a87e,15
019b18d7-4a3c-7689-9780-06947dda4f13,15
019b18d7-4a3b-752a-8825-1ef8a50ec1c8,15
019b18d7-4a3a-72ec-a66d-1fc43738966f,15
019b18d7-4a3c-7689-9780-25725c94878a,15
019b18d7-4a3b-752a-8822-4bda9ca9e50b,15
019b18d7-4a3d-739f-ab78-f65aaba4746a,15
019b18d7-4a3a-72ec-a66d-9a3e14244836,15
019b18d7-4a3c-7689-9782-24a598148e54,15
019b18d7-4a3c-7689-977f-bf0434f9f5ed,15
019b18d7-4a3a-72ec-a66d-0777c1f09028,14
019b18d7-4a3d-739f-ab7b-f5ac294f7326,14
019b18d7-4a3d-739f-ab78-ea2d8b41dedf,14
019b18d7-4a3d-739f-ab79-76e70f64fbf1,14
019b18d7-4a3d-739f-ab79-3b6b4c9da609,14
019b18d7-4a3a-72ec-a66d-69c66c3491d8,14
019b18d7-4a3a-72ec-a66d-09f07a9a14af,14
019b18d7-4a3a-72ec-a66d-788b00756b93,14
019b18d7-4a3d-739f-ab7a-0485166d1dea,14
019b18d7-4a3a-72ec-a66d-53410d9841f5,14
019b18d7-4a3d-739f-ab79-d2addb43f4f3,14
019b18d7-4a3d-739f-ab7b-5dfaab91e9c6,14
019b18d7-4a3d-739f-ab7a-45a740b2b5bc,14
019b18d7-4a3d-739f-ab7b-cf09dbf2962d,14
019b18d7-4a3d-739f-ab78-9ed103a2d81d,14
019b18d7-4a3c-7689-977d-3d1c7ce10af7,14
019b18d7-4a3c-7689-977d-e713ad2644a1,14
019b18d7-4a3b-752a-881e-3f9368425d0f,14
019b18d7-4a3d-739f-ab7c-76b389b97d32,14
019b18d7-4a3b-752a-8821-726e7872ad5b,14
019b18d7-4a3b-752a-881d-fadfb7e368e7,14
019b18d7-4a3b-752a-881d-f0d11c515f94,14
019b18d7-4a3b-752a-881d-c4789349f8fe,14
019b18d7-4a3b-752a-881d-c31350ba8366,14
019b18d7-4a3b-752a-8821-60ef551d93b1,14
019b18d7-4a3c-7689-977f-9ab877d46eb9,14
019b18d7-4a3c-7689-977f-c88a13fe37f8,14
019b18d7-4a3c-7689-977f-f10f39b37f07,14
019b18d7-4a3b-752a-881d-91ea162d0513,14
019b18d7-4a3c-7689-9780-21bafbc77127,14
019b18d7-4a3b-752a-8821-4c6b49e73101,14
019b18d7-4a3c-7689-977d-a1e0e3f59a90,14
019b18d7-4a3b-752a-8820-079da576a542,14
019b18d7-4a3c-7689-9780-8e63b673d098,14
019b18d7-4a3b-752a-8822-0a6e28a46f16,14
019b18d7-4a3b-752a-881f-bc7a1297700c,14
019b18d7-4a3b-752a-8823-067357185ddb,14
019b18d7-4a3b-752a-8822-ccfbdc09e566,14
019b18d7-4a3b-752a-8824-48a4489a64a3,14
019b18d7-4a3b-752a-8824-52aa72c04530,14
019b18d7-4a3b-752a-8824-58055f6d2ee1,14
019b18d7-4a3b-752a-8824-d8298b62531f,14
019b18d7-4a3b-752a-8824-e8eccc6b1402,14
019b18d7-4a3b-752a-8824-f6417b664120,14
019b18d7-4a3b-752a-8824-fe584f36e9b5,14
019b18d7-4a3b-752a-8825-2dd75d930491,14
019b18d7-4a3b-752a-8822-91ac849634ef,14
019b18d7-4a3c-7689-977b-f273c91cbe4e,14
019b18d7-4a3b-752a-881e-e84ce17678ad,14
019b18d7-4a3d-739f-ab7c-991fbcb5623e,14
019b18d7-4a3b-752a-881d-729a580b8379,14
019b18d7-4a3b-752a-881e-06e55625566d,14
019b18d7-4a3b-752a-881f-ae5eaf4d1f57,14
019b18d7-4a3c-7689-9782-822c90260d53,14
019b18d7-4a3c-7689-9781-d6a38754c4c5,14
019b18d7-4a3c-7689-9782-0c625bb00b72,14
019b18d7-4a3c-7689-9782-34d71aaa472c,14
019b18d7-4a3c-7689-9782-68d1c337b10f,14
019b18d7-4a3a-72ec-a66e-272afab8e1fd,14
019b18d7-4a3b-752a-8820-eafb009ff86e,14
019b18d7-4a3d-739f-ab7c-431c1a1cb8ec,14
019b18d7-4a3b-752a-8820-9fff5194dd61,14
019b18d7-4a3c-7689-9782-c277970e3617,14
019b18d7-4a3c-7689-9780-b3ead30891e4,14
019b18d7-4a3c-7689-9780-cc42a079a462,14
019b18d7-4a3c-7689-9782-aa2b3173484d,13
019b18d7-4a3d-739f-ab7a-5ddc398b06b4,13
019b18d7-4a3d-739f-ab7a-555c9f63302f,13
019b18d7-4a3b-752a-8822-35b5e0942de0,13
019b18d7-4a3c-7689-9782-1f453da657f9,13
019b18d7-4a3c-7689-977c-2d2752e37d90,13
019b18d7-4a3d-739f-ab78-9980835a3df6,13
019b18d7-4a3a-72ec-a66d-248260b7e392,13
019b18d7-4a3b-752a-8822-1cfc6c6e7121,13
019b18d7-4a3d-739f-ab78-ee3e2254f8fa,13
019b18d7-4a3c-7689-977c-bbf49ca0d325,13
019b18d7-4a3b-752a-8821-f138e6ab02ac,13
019b18d7-4a3b-752a-8821-ea16eaedd766,13
019b18d7-4a3d-739f-ab7b-ba95b8d23d85,13
019b18d7-4a3b-752a-881f-a7e104c492b1,13
019b18d7-4a3b-752a-8820-321ab13f4bce,13
019b18d7-4a3b-752a-8820-586fe040f97c,13
019b18d7-4a3d-739f-ab7b-1b662613c02f,13
019b18d7-4a3c-7689-977b-98e306114c38,13
019b18d7-4a3b-752a-881f-675d99934f2f,13
019b18d7-4a3d-739f-ab7a-ae2c5ef9e1e5,13
019b18d7-4a3b-752a-8824-2e9540a31a10,13
019b18d7-4a3d-739f-ab78-c068577533c9,13
019b18d7-4a3c-7689-9782-7e4578db336f,13
019b18d7-4a3b-752a-881f-5562ca5131e5,13
019b18d7-4a3b-752a-881f-4db0f4ebf407,13
019b18d7-4a3d-739f-ab7b-0d02b3c27e7b,13
019b18d7-4a3b-752a-8822-b93c36d4a6c2,13
019b18d7-4a3b-752a-8823-ebdb180c3a0d,13
019b18d7-4a3b-752a-8824-cc15ba21de5d,13
019b18d7-4a3b-752a-8822-e1b2a0d25bb1,13
019b18d7-4a3c-7689-9781-c5c416f4e28b,13
019b18d7-4a3c-7689-9782-42928353abef,13
019b18d7-4a3b-752a-8825-27528f7842f8,13
019b18d7-4a3c-7689-9782-ca5cdeb85b10,13
019b18d7-4a3d-739f-ab7b-46a97e7261df,13
019b18d7-4a3c-7689-977d-560fa7abb5ee,13
019b18d7-4a3c-7689-977e-c492fa134008,13
019b18d7-4a3c-7689-9781-b5f25a23c280,13
019b18d7-4a3c-7689-9781-8b76d5e440ca,13
019b18d7-4a3a-72ec-a66e-1c7b4b54e111,13
019b18d7-4a3c-7689-9780-1bd018d984a9,13
019b18d7-4a3c-7689-977f-027ca2d50d12,13
019b18d7-4a3d-739f-ab7b-919533cd9ce6,13
019b18d7-4a3c-7689-977f-1756ea0b7ce3,13
019b18d7-4a3d-739f-ab79-6d73a33f2675,13
019b18d7-4a3c-7689-977e-c2500dec1b6e,13
019b18d7-4a3b-752a-8821-589391689d12,13
019b18d7-4a3d-739f-ab7b-d6c3369151ca,13
019b18d7-4a3d-739f-ab7b-d892b6c3ccf9,13
019b18d7-4a3d-739f-ab79-98948868e9de,13
019b18d7-4a3d-739f-ab79-7bc4935bed80,13
019b18d7-4a3d-739f-ab7b-8790e99604cd,13
019b18d7-4a3a-72ec-a66e-3e114119da16,13
019b18d7-4a3c-7689-9780-f59d18c734f5,13
019b18d7-4a3b-752a-8820-364838ac8475,13
019b18d7-4a3b-752a-8821-382be9e857d7,13
019b18d7-4a3a-72ec-a66c-b77ca0000a13,13
019b18d7-4a3b-752a-8820-0f60bcb7fc81,13
019b18d7-4a3d-739f-ab7c-264455b549e3,13
019b18d7-4a3c-7689-9781-a87c1245d9d7,13
019b18d7-4a3b-752a-8821-aee3deda5a4f,13
019b18d7-4a3a-72ec-a66e-494afc8eb24f,13
019b18d7-4a3c-7689-9780-6ed90c4f4305,13
019b18d7-4a3c-7689-9781-902599208f28,13
019b18d7-4a3c-7689-977e-a6a1f4857d81,13
019b18d7-4a3b-752a-881e-0f048d06245e,13
019b18d7-4a3d-739f-ab7a-ffae7234e626,12
019b18d7-4a3b-752a-881f-d4ce97f28763,12
019b18d7-4a3d-739f-ab7b-9eb0c898ef18,12
019b18d7-4a3b-752a-8822-d42b83138986,12
019b18d7-4a3b-752a-8822-d3f438a5f036,12
019b18d7-4a3b-752a-8820-0af73382eedd,12
019b18d7-4a3b-752a-8822-b286d977ec5d,12
019b18d7-4a3b-752a-8822-c1e45557cfdf,12
019b18d7-4a3d-739f-ab7b-88529602b957,12
019b18d7-4a3d-739f-ab7b-5971e9ee1df4,12
019b18d7-4a3d-739f-ab7c-e40387676502,12
019b18d7-4a3b-752a-8821-956d143ff524,12
019b18d7-4a3b-752a-8822-2888df5e33b3,12
019b18d7-4a3b-752a-8821-75691709d27a,12
019b18d7-4a3b-752a-8820-d5263deaedaf,12
019b18d7-4a3d-739f-ab7b-2b72693ee624,12
019b18d7-4a3b-752a-8823-2b803586d5a3,12
019b18d7-4a3b-752a-8821-6c8afa6363ba,12
019b18d7-4a3b-752a-881f-e3ba3d0df5f4,12
019b18d7-4a3b-752a-8821-69e2a14e35e0,12
019b18d7-4a3d-739f-ab7b-76b7688fad9a,12
019b18d7-4a3b-752a-8821-67e339ab4a4f,12
019b18d7-4a3b-752a-8820-af8648db391a,12
019b18d7-4a3d-739f-ab7b-b1d423ef1350,12
019b18d7-4a3d-739f-ab7b-a5c0aef15823,12
019b18d7-4a3c-7689-977c-4e37d7c8bfeb,12
019b18d7-4a3b-752a-8823-5961ecb6469a,12
019b18d7-4a3b-752a-8823-6786d1524b10,12
019b18d7-4a3c-7689-977e-7691bc89b0a3,12
019b18d7-4a3c-7689-977e-9417f31a2f04,12
019b18d7-4a3c-7689-977e-e32162eb9497,12
019b18d7-4a3c-7689-977f-1395f4f431fa,12
019b18d7-4a3c-7689-977f-279d3677fd5b,12
019b18d7-4a3c-7689-977f-2971d72a7c06,12
019b18d7-4a3b-752a-881d-db71ebbc1fdf,12
019b18d7-4a3c-7689-977f-7f8ce68471ba,12
019b18d7-4a3c-7689-977f-a3bec8c2e470,12
019b18d7-4a3b-752a-881d-a73b35d70791,12
019b18d7-4a3b-752a-881d-8d72c0cb7462,12
019b18d7-4a3d-739f-ab79-691e43fa5741,12
019b18d7-4a3b-752a-881d-8b8fb81031ef,12
019b18d7-4a3c-7689-9780-57285ffab235,12
019b18d7-4a3a-72ec-a66d-76126d4a4731,12
019b18d7-4a3c-7689-9780-a6f9229bffff,12
019b18d7-4a3d-739f-ab7c-46a72461d12d,12
019b18d7-4a3c-7689-9780-e0d6e72c9b9d,12
019b18d7-4a3a-72ec-a66e-38f168df9477,12
019b18d7-4a3c-7689-9781-33f261a712c4,12
019b18d7-4a3c-7689-9781-f00adcc85872,12
019b18d7-4a3d-739f-ab78-e7fac8d4645b,12
019b18d7-4a3a-72ec-a66c-a37c4e23105d,12
019b18d7-4a3a-72ec-a66d-a6759450c23a,12
019b18d7-4a3d-739f-ab78-cae21d67477b,12
019b18d7-4a3d-739f-ab79-e13783892792,12
019b18d7-4a3c-7689-977e-6880994f2f40,12
019b18d7-4a3c-7689-977b-ce6cd6ca64f2,12
019b18d7-4a3b-752a-881e-ef9577e8a5f4,12
019b18d7-4a3b-752a-8823-db62e3efcce6,12
019b18d7-4a3b-752a-8824-1a480ec3c5f8,12
019b18d7-4a3b-752a-8824-2a79c2d3d434,12
019b18d7-4a3d-739f-ab7a-b7a284b0ef37,12
019b18d7-4a3b-752a-8824-ba62057fea88,12
019b18d7-4a3a-72ec-a66d-197e8f392225,12
019b18d7-4a3d-739f-ab7a-762fc3a8493a,12
019b18d7-4a3d-739f-ab7c-ab6c8eaead06,12
019b18d7-4a3b-752a-8825-4c543275ce91,12
019b18d7-4a3c-7689-977e-4e67a951802a,12
019b18d7-4a3b-752a-8820-77c9e5c7472b,12
019b18d7-4a3c-7689-977b-f76bfb0855cb,12
019b18d7-4a3c-7689-977c-5f3d7d49b792,12
019b18d7-4a3b-752a-881e-b3dd13c66502,12
019b18d7-4a3c-7689-977c-9c54c643baff,12
019b18d7-4a3c-7689-977c-e99aa699b4a2,12
019b18d7-4a3b-752a-881e-895dc7e584d2,12
019b18d7-4a3b-752a-881e-83691ba5b8d8,12
019b18d7-4a3c-7689-977d-64ce165fe979,12
019b18d7-4a3c-7689-977d-a49d0f4fafd6,12
019b18d7-4a3c-7689-977d-ec3204335848,12
019b18d7-4a3b-752a-881e-42f2fa0072b6,12
019b18d7-4a3d-739f-ab7c-4c47a40f70d7,11
019b18d7-4a3d-739f-ab7c-bdd803f8ca7d,11
019b18d7-4a3a-72ec-a66c-6af028b45a03,11
019b18d7-4a3d-739f-ab7c-cdfc2b0c6094,11
019b18d7-4a3a-72ec-a66c-bf1ab9a70ae5,11
019b18d7-4a3c-7689-9782-e7da7a96b1be,11
019b18d7-4a3d-739f-ab7b-ae2a21d36db8,11
019b18d7-4a3c-7689-977c-5252c85d1320,11
019b18d7-4a3c-7689-977f-4736c951e95c,11
019b18d7-4a3b-752a-881e-0231dd0c0da1,11
019b18d7-4a3c-7689-977e-d4d72ff54b74,11
019b18d7-4a3c-7689-977e-ac4326b162ef,11
019b18d7-4a3c-7689-977e-99221a45a4f8,11
019b18d7-4a3b-752a-881e-240f3d55eb4a,11
019b18d7-4a3c-7689-977d-e99bb7313121,11
019b18d7-4a3c-7689-977d-d0bd29ffee4e,11
019b18d7-4a3c-7689-977d-b09e1ff4cf7a,11
019b18d7-4a3c-7689-977d-7aac20a766f3,11
019b18d7-4a3c-7689-977d-61462c0d2325,11
019b18d7-4a3c-7689-977d-5c93e0a95f4b,11
019b18d7-4a3c-7689-977c-7ad0cca096d0,11
019b18d7-4a3c-7689-977c-69a32f84c21b,11
019b18d7-4a3c-7689-977c-431b4cfed6d1,11
019b18d7-4a3b-752a-8822-46da42efea79,11
019b18d7-4a3b-752a-881e-f2260b0f2d05,11
019b18d7-4a3c-7689-977b-a2a5f8287632,11
019b18d7-4a3b-752a-881f-34a846782aeb,11
019b18d7-4a3b-752a-8821-aa7f961da67d,11
019b18d7-4a3b-752a-8824-cb8ad7ec3c8d,11
019b18d7-4a3b-752a-8824-c45fc067785d,11
019b18d7-4a3b-752a-8824-c0ff7fdcf5ca,11
019b18d7-4a3b-752a-8824-9432423352df,11
019b18d7-4a3b-752a-8824-655320777ab6,11
019b18d7-4a3b-752a-8821-e35b1b251f00,11
019b18d7-4a3b-752a-8823-cb30556ebecf,11
019b18d7-4a3b-752a-8823-c5a396b3c72e,11
019b18d7-4a3b-752a-8823-8eaad662935e,11
019b18d7-4a3b-752a-8823-8674af152f4a,11
019b18d7-4a3c-7689-977f-68edf55ea1fd,11
019b18d7-4a3b-752a-8821-3dfb94e08529,11
019b18d7-4a3c-7689-977f-e0dc43c7cce1,11
019b18d7-4a3c-7689-9780-377c6556dbe5,11
019b18d7-4a3d-739f-ab7b-4c0ccfc084e0,11
019b18d7-4a3d-739f-ab7b-219cd902994f,11
019b18d7-4a3d-739f-ab7b-7e5eac34a5cc,11
019b18d7-4a3b-752a-8820-b30b4c8424d2,11
019b18d7-4a3d-739f-ab7a-43d96fbcf493,11
019b18d7-4a3d-739f-ab7a-3c6887bd0f58,11
019b18d7-4a3b-752a-8820-ba9898157152,11
019b18d7-4a3a-72ec-a66d-2ba758d8ce4c,11
019b18d7-4a3a-72ec-a66d-307a523ccbd2,11
019b18d7-4a3b-752a-8820-d2c02547878b,11
019b18d7-4a3d-739f-ab7a-147445812fa5,11
019b18d7-4a3b-752a-8820-ed89806bc637,11
019b18d7-4a3a-72ec-a66d-3671829bc0a5,11
019b18d7-4a3a-72ec-a66d-38c0ca1e9ef5,11
019b18d7-4a3a-72ec-a66d-3ddbb387f7fd,11
019b18d7-4a3d-739f-ab79-a9d1a776759e,11
019b18d7-4a3d-739f-ab79-a531fbdef723,11
019b18d7-4a3d-739f-ab79-18b725bba643,11
019b18d7-4a3d-739f-ab79-02bcba0565ba,11
019b18d7-4a3d-739f-ab78-de2e6fae43fa,11
019b18d7-4a3d-739f-ab78-a01a7dae585b,11
019b18d7-4a3c-7689-9782-4b9c39ffae9c,11
019b18d7-4a3c-7689-9782-2fdfa3bbfd54,11
019b18d7-4a3c-7689-9782-208c9a86a09c,11
019b18d7-4a3c-7689-9781-4a54b41bcbf2,11
019b18d7-4a3c-7689-9781-19062e1ee72a,11
019b18d7-4a3c-7689-9780-daa51ea78dbe,11
019b18d7-4a3c-7689-9780-c2b30c1c6f24,11
019b18d7-4a3c-7689-9780-913ffe5bdd3b,11
019b18d7-4a3b-752a-8823-75820e4520ca,11
019b18d7-4a3b-752a-8824-3e6d32155b80,10
019b18d7-4a3c-7689-977f-9f798374d459,10
019b18d7-4a3d-739f-ab7a-12f4550880db,10
019b18d7-4a3d-739f-ab7a-1ae6aeeec4e8,10
019b18d7-4a3d-739f-ab7a-324e4e49424f,10
019b18d7-4a3d-739f-ab7a-4c056dc37035,10
019b18d7-4a3b-752a-8824-d2fcae32334d,10
019b18d7-4a3d-739f-ab7a-91ec4ebbdb33,10
019b18d7-4a3d-739f-ab7e-6fdce2e87ca5,7
019b18d7-4a3e-7114-b285-5069f6a608d7,7
019b18d7-4a3d-739f-ab7f-c65dbb172ac1,6
019b18d7-4a3d-739f-ab7f-5104801570ad,6
019b18d7-4a3e-7114-b285-64855772b382,6
019b18d7-4a3e-7114-b285-698dc98ab906,6
019b18d7-4a3d-739f-ab7f-439dae9764ed,6
019b18d7-4a3d-739f-ab7f-4c372d31094e,6
019b18d7-4a3e-7114-b285-6c65f34be641,6
019b18d7-4a3e-7114-b285-5877a19f2e54,6
019b18d7-4a3d-739f-ab7f-3e3b9839502b,6
019b18d7-4a3e-7114-b285-6313355e4ee1,6
019b18d7-4a3d-739f-ab7f-8b8c0903eadb,6
019b18d7-4a3e-7114-b285-579ab84985e3,6
019b18d7-4a3d-739f-ab7f-86ab0819e5d9,6
019b18d7-4a3e-7114-b285-704c79739bca,6
019b18d7-4a3d-739f-ab7f-8c8dbee467fa,6
019b18d7-4a3d-739f-ab7f-9077694bbd29,6
019b18d7-4a3e-7114-b285-40e9028d2dfb,6
019b18d7-4a3d-739f-ab7f-a0bdb66c2c6a,6
019b18d7-4a3e-7114-b285-390ba39beb73,6
019b18d7-4a3d-739f-ab7f-b1759be17051,6
019b18d7-4a3d-739f-ab7f-39242d4f079a,6
019b18d7-4a3d-739f-ab7f-0968d02192dd,6
019b18d7-4a3d-739f-ab7f-222de7c1524e,6
019b18d7-4a3d-739f-ab7f-1d319ae3fcc3,6
019b18d7-4a3d-739f-ab7e-8ce949840376,6
019b18d7-4a3d-739f-ab7e-973bbbff58d4,6
019b18d7-4a3d-739f-ab7e-9ed760660ffc,6
019b18d7-4a3e-7114-b285-bded704002b6,6
019b18d7-4a3e-7114-b285-ba70f903246d,6
019b18d7-4a3d-739f-ab7e-aa71e95431ba,6
019b18d7-4a3d-739f-ab7e-ac0d4b0e3f6e,6
019b18d7-4a3d-739f-ab7e-b34e5463aa6e,6
019b18d7-4a3e-7114-b285-a935dd9a7815,6
019b18d7-4a3d-739f-ab7e-c9d6f862f7ea,6
019b18d7-4a3e-7114-b285-a69ece602769,6
019b18d7-4a3e-7114-b283-be5c11f2608d,6
019b18d7-4a3e-7114-b285-989bbb5e610d,6
019b18d7-4a3e-7114-b285-96b8f1781c1c,6
019b18d7-4a3d-739f-ab7e-ed929b57a001,6
019b18d7-4a3e-7114-b285-8a19b97d899c,6
019b18d7-4a3d-739f-ab7e-fdd6b33b2bb8,6
019b18d7-4a3e-7114-b285-84ca2fccb804,6
019b18d7-4a3d-739f-ab7f-186f6d38191c,6
019b18d7-4a3e-7114-b285-2e759fba86f7,6
019b18d7-4a3e-7114-b283-f7d6c0a16f79,6
019b18d7-4a3d-739f-ab7f-de1c0f6038bd,6
019b18d7-4a3e-7114-b285-d1d774a243c8,6
019b18d7-4a3d-739f-ab81-12d0a772a472,6
019b18d7-4a3d-739f-ab81-15080cc8ba55,6
019b18d7-4a3d-739f-ab81-26a0574d2760,6
019b18d7-4a3e-7114-b283-2b7fcb6a4f09,6
019b18d7-4a3e-7114-b283-349c2ef7a394,6
019b18d7-4a3e-7114-b284-227c55d45a69,6
019b18d7-4a3e-7114-b283-4379d8507f7a,6
019b18d7-4a3e-7114-b283-453c31de29ed,6
019b18d7-4a3e-7114-b283-60efdf978483,6
019b18d7-4a3e-7114-b283-ee04faef67e5,6
019b18d7-4a3d-739f-ab80-fb64d9e8d816,6
019b18d7-4a3e-7114-b283-7e6aa42eb1fe,6
019b18d7-4a3e-7114-b283-83e940f1957a,6
019b18d7-4a3e-7114-b283-8dff9be401dd,6
019b18d7-4a3e-7114-b283-ddac6fd73ecf,6
019b18d7-4a3e-7114-b283-d8a52e369828,6
019b18d7-4a3e-7114-b283-9cb3058b5e4b,6
019b18d7-4a3e-7114-b283-cc6169f16136,6
019b18d7-4a3e-7114-b283-ac8ead12f453,6
019b18d7-4a3e-7114-b283-b34a4f35a957,6
019b18d7-4a3e-7114-b284-52efa6e6bb4c,6
019b18d7-4a3d-739f-ab80-f4fafae3c796,6
019b18d7-4a3e-7114-b285-0a32dd11307a,6
019b18d7-4a3d-739f-ab80-74825ad74c7d,6
019b18d7-4a3d-739f-ab7f-f594d69ed6e3,6
019b18d7-4a3d-739f-ab7f-fb1e1b5a7930,6
019b18d7-4a3e-7114-b284-ff7e1b34bf12,6
019b18d7-4a3e-7114-b284-f85e49f89a28,6
019b18d7-4a3d-739f-ab80-3f0f1ede9576,6
019b18d7-4a3e-7114-b284-d269e787fbb8,6
019b18d7-4a3d-739f-ab80-54dbf4744d7f,6
019b18d7-4a3e-7114-b284-c65c79f26064,6
019b18d7-4a3d-739f-ab80-704ad17c62f9,6
019b18d7-4a3d-739f-ab80-91d30e47de98,6
019b18d7-4a3e-7114-b284-55df05c8fc65,6
019b18d7-4a3d-739f-ab80-9b9f06414515,6
019b18d7-4a3e-7114-b284-9d5a5f179f97,6
019b18d7-4a3e-7114-b284-7f993474b39c,6
019b18d7-4a3e-7114-b284-79503d60f30d,6
019b18d7-4a3e-7114-b284-61c7fed0cecb,6
019b18d7-4a3e-7114-b284-5d2b142b4001,6
019b18d7-4a3d-739f-ab80-dbb8ea7140dc,6
019b18d7-4a3e-7114-b284-5901a72ffdaf,6
019b18d7-4a3d-739f-ab80-ead1da4470be,6
019b18d7-4a3d-739f-ab7e-87da38e75828,6
019b18d7-4a3d-739f-ab7e-d64c529db57b,6
019b18d7-4a3d-739f-ab7e-26a52f4267af,6
019b18d7-4a3e-7114-b286-30da709926e0,6
019b18d7-4a3d-739f-ab7d-b5b248b6e6c0,6
019b18d7-4a3d-739f-ab7d-395e025a3268,6
019b18d7-4a3d-739f-ab7e-2ea3811a77e9,6
019b18d7-4a3d-739f-ab7e-2af941ad47b0,6
019b18d7-4a3d-739f-ab7e-21de5e90c6ef,6
019b18d7-4a3e-7114-b286-87bc184d4682,6
019b18d7-4a3d-739f-ab7e-143b150c603a,6
019b18d7-4a3d-739f-ab7d-47ece7cb03d5,6
019b18d7-4a3d-739f-ab7e-11c92dd1e6af,6
019b18d7-4a3e-7114-b286-62b6dee9395c,6
019b18d7-4a3e-7114-b286-794a4f24f452,6
019b18d7-4a3e-7114-b286-0049d194a988,6
019b18d7-4a3e-7114-b286-06a0b9fb06fd,6
019b18d7-4a3d-739f-ab7d-7aa4a9c1b485,6
019b18d7-4a3d-739f-ab7d-5d324a3f68af,6
019b18d7-4a3e-7114-b286-64018c1564b0,6
019b18d7-4a3d-739f-ab7d-63f2f536d2b2,6
019b18d7-4a3e-7114-b286-110370abc27b,6
019b18d7-4a3d-739f-ab7d-e700b20c92e4,6
019b18d7-4a3e-7114-b286-6ed1ae636d05,6
019b18d7-4a3e-7114-b286-1e23385fd0b8,6
019b18d7-4a3d-739f-ab7d-324210a5472d,6
019b18d7-4a3d-739f-ab7d-ddfd71bb6408,6
019b18d7-4a3d-739f-ab7d-9cdbc6fcb2af,6
019b18d7-4a3d-739f-ab7d-20fed33a0bea,6
019b18d7-4a3d-739f-ab7e-643b4f6384ad,6
019b18d7-4a3e-7114-b286-aeb181e896fa,6
019b18d7-4a3d-739f-ab7d-14fa3e24d707,6
019b18d7-4a3e-7114-b286-94be1cf4ba63,6
019b18d7-4a3d-739f-ab7d-982e94b14a13,6
019b18d7-4a3d-739f-ab7d-a0ed11ca1921,6
019b18d7-4a3e-7114-b285-d4e4cbece4dc,6
019b18d7-4a3d-739f-ab7e-44fbf0255b29,6
019b18d7-4a3d-739f-ab7e-42ecfab214d7,6
019b18d7-4a3e-7114-b285-e77ef466268b,6
019b18d7-4a3d-739f-ab7e-3cbeab21e741,6
019b18d7-4a3d-739f-ab7d-296c811f33ad,6
019b18d7-4a3d-739f-ab7e-61c1206543ef,6
019b18d7-4a3e-7114-b284-94edcd7e1dff,5
019b18d7-4a3e-7114-b284-dfa2c976ea5f,5
019b18d7-4a3d-739f-ab80-307fb09b7502,5
019b18d7-4a3d-739f-ab7d-702701bf364f,5
019b18d7-4a3d-739f-ab80-2c385aeb5a4c,5
019b18d7-4a3e-7114-b284-8aff28c6cdac,5
019b18d7-4a3d-739f-ab80-295779895fa8,5
019b18d7-4a3d-739f-ab80-384432481c7d,5
019b18d7-4a3d-739f-ab7e-7dafc2ae4ccb,5
019b18d7-4a3e-7114-b284-77f8bb91f49e,5
019b18d7-4a3e-7114-b284-a34e5b8a4402,5
019b18d7-4a3d-739f-ab7d-9376fa87a9bf,5
019b18d7-4a3e-7114-b284-a59e6227458b,5
019b18d7-4a3d-739f-ab80-94278eab7acd,5
019b18d7-4a3e-7114-b286-49e0ba81c036,5
019b18d7-4a3d-739f-ab7d-8205c3e0e0f9,5
019b18d7-4a3d-739f-ab80-88cbbc2dd8f9,5
019b18d7-4a3d-739f-ab80-819da526ddb1,5
019b18d7-4a3d-739f-ab80-454265f4d599,5
019b18d7-4a3e-7114-b286-5a5fe477dbea,5
019b18d7-4a3e-7114-b284-bb0269098710,5
019b18d7-4a3e-7114-b284-bf75b7add6e5,5
019b18d7-4a3d-739f-ab80-65efcb856ccc,5
019b18d7-4a3d-739f-ab80-6376be637fe4,5
019b18d7-4a3d-739f-ab80-c8d2534bc7fd,5
019b18d7-4a3e-7114-b284-c2384491a67d,5
019b18d7-4a3e-7114-b286-44c0b082fdfb,5
019b18d7-4a3d-739f-ab7e-7a164eb18cea,5
019b18d7-4a3e-7114-b286-772239c4ba44,5
019b18d7-4a3e-7114-b286-6ae4b77783b3,5
019b18d7-4a3d-739f-ab80-d3f0d34d53fc,5
019b18d7-4a3e-7114-b283-3ad4e8fe556a,5
019b18d7-4a3e-7114-b283-4b585f8adb46,5
019b18d7-4a3e-7114-b284-17fd45324bf3,5
019b18d7-4a3e-7114-b284-088adbe38614,5
019b18d7-4a3e-7114-b283-f88c7f2ed349,5
019b18d7-4a3e-7114-b283-e4feee3b138d,5
019b18d7-4a3d-739f-ab7d-1b310eaada6d,5
019b18d7-4a3e-7114-b283-890d99ec804a,5
019b18d7-4a3d-739f-ab7d-0c324815d80d,5
019b18d7-4a3e-7114-b286-aa86e86f4b64,5
019b18d7-4a3e-7114-b283-a273f4e37771,5
019b18d7-4a3e-7114-b283-a62b3d0e3f95,5
019b18d7-4a3d-739f-ab7d-00893dd306e0,5
019b18d7-4a3d-739f-ab7c-ffbbc954597e,5
019b18d7-4a3e-7114-b283-c57a7c4d1336,5
019b18d7-4a3e-7114-b284-26a104045c57,5
019b18d7-4a3e-7114-b284-2b0e083a011b,5
019b18d7-4a3e-7114-b284-39fc33416362,5
019b18d7-4a3d-739f-ab81-0188fbf1f6bf,5
019b18d7-4a3d-739f-ab7d-65636ec97530,5
019b18d7-4a3d-739f-ab80-e16d7eecd2a5,5
019b18d7-4a3d-739f-ab80-e5a7b0aa5f49,5
019b18d7-4a3d-739f-ab80-ed73688bb1de,5
019b18d7-4a3d-739f-ab7d-5b42c810c3a1,5
019b18d7-4a3e-7114-b284-f35352362637,5
019b18d7-4a3d-739f-ab81-060682f56108,5
019b18d7-4a3e-7114-b284-3ea2e186aed3,5
019b18d7-4a3d-739f-ab81-0dc7ba12390b,5
019b18d7-4a3d-739f-ab81-1ddbb20da99c,5
019b18d7-4a3d-739f-ab81-238211aaece0,5
019b18d7-4a3d-739f-ab7d-422dd4c9c259,5
019b18d7-4a3e-7114-b283-10823ba085d0,5
019b18d7-4a3e-7114-b284-41d4f3cba040,5
019b18d7-4a3e-7114-b284-e7263994795e,5
019b18d7-4a3e-7114-b284-e2eb3adcf7ea,5
019b18d7-4a3d-739f-ab80-182db3fdeeb6,5
019b18d7-4a3d-739f-ab7d-d9b66bd6d2ca,5
019b18d7-4a3e-7114-b285-7f3d145ef05a,5
019b18d7-4a3d-739f-ab7e-1cacb0610bfe,5
019b18d7-4a3d-739f-ab7e-1851fb14ba82,5
019b18d7-4a3d-739f-ab7f-2aace76a9805,5
019b18d7-4a3d-739f-ab7f-2f1a6e0f61aa,5
019b18d7-4a3e-7114-b285-fb2a65fb5420,5
019b18d7-4a3d-739f-ab7e-02e121c9ff63,5
019b18d7-4a3d-739f-ab80-14948eeafd96,5
019b18d7-4a3e-7114-b286-0b5a4f7e7e06,5
019b18d7-4a3e-7114-b286-0c9b9714eef4,5
019b18d7-4a3d-739f-ab7f-5c89ba5f5331,5
019b18d7-4a3d-739f-ab7d-ed9f47ee5a10,5
019b18d7-4a3d-739f-ab7f-676acdf5676e,5
019b18d7-4a3e-7114-b285-5ebfc9d4c327,5
019b18d7-4a3d-739f-ab7f-7342ff10572f,5
019b18d7-4a3e-7114-b286-1844795c0478,5
019b18d7-4a3d-739f-ab7f-7da5cb681587,5
019b18d7-4a3d-739f-ab7f-103abc88f7ef,5
019b18d7-4a3d-739f-ab7f-0c3edad2e941,5
019b18d7-4a3d-739f-ab7e-f8e5d6078454,5
019b18d7-4a3d-739f-ab7e-4df0c8654882,5
019b18d7-4a3d-739f-ab7e-8269a7812aaa,5
019b18d7-4a3e-7114-b285-cdbc3c6fee65,5
019b18d7-4a3e-7114-b285-dbc983a0a69b,5
019b18d7-4a3e-7114-b285-c749aca70a6b,5
019b18d7-4a3e-7114-b285-c1a8fbff4755,5
019b18d7-4a3e-7114-b285-de51f460ccd8,5
019b18d7-4a3d-739f-ab7e-592f97960de0,5
019b18d7-4a3e-7114-b285-b47ff361df3b,5
019b18d7-4a3e-7114-b285-8f462e2bc8d1,5
019b18d7-4a3e-7114-b285-adb802896650,5
019b18d7-4a3d-739f-ab7e-c1a66bf949c2,5
019b18d7-4a3d-739f-ab7e-4a87d0f767f0,5
019b18d7-4a3e-7114-b285-9c1bffdf126c,5
019b18d7-4a3d-739f-ab7e-dd9355b4341e,5
019b18d7-4a3e-7114-b285-e8d3230d9f7f,5
019b18d7-4a3d-739f-ab7e-e842882ce31b,5
019b18d7-4a3e-7114-b285-4dec30be581c,5
019b18d7-4a3d-739f-ab7f-4941e546d821,5
019b18d7-4a3e-7114-b286-3ab3ebc329d4,5
019b18d7-4a3e-7114-b285-32ec62389098,5
019b18d7-4a3d-739f-ab7f-db466fafe96c,5
019b18d7-4a3d-739f-ab7f-e6dcce77c8c4,5
019b18d7-4a3e-7114-b285-17dcb0aa2cb5,5
019b18d7-4a3d-739f-ab7d-ba59132ac4d8,5
019b18d7-4a3d-739f-ab7f-eb93eac29036,5
019b18d7-4a3e-7114-b285-04be1569b948,5
019b18d7-4a3e-7114-b285-27165c782680,5
019b18d7-4a3e-7114-b285-294d8c9521e0,5
019b18d7-4a3d-739f-ab7f-f23511720256,5
019b18d7-4a3d-739f-ab7d-bdad4b45acd6,5
019b18d7-4a3d-739f-ab7f-d4e8409d555d,5
019b18d7-4a3e-7114-b286-3cb268610d80,5
019b18d7-4a3d-739f-ab80-0094a230e84c,5
019b18d7-4a3d-739f-ab7d-d7c643d171e2,5
019b18d7-4a3e-7114-b286-426a4e9a257e,5
019b18d7-4a3d-739f-ab80-0586c298730e,5
019b18d7-4a3e-7114-b285-3d847eb9d84d,5
019b18d7-4a3e-7114-b286-2dbd6b907600,5
019b18d7-4a3d-739f-ab7f-a4f672ddd5f8,5
019b18d7-4a3e-7114-b286-265e9959b998,5
019b18d7-4a3d-739f-ab7f-fdcd877b5566,5
019b18d7-4a3e-7114-b283-e13881d892c3,4
019b18d7-4a3e-7114-b285-a3862829f402,4
019b18d7-4a3e-7114-b284-11490ed34f8d,4
019b18d7-4a3e-7114-b284-d5b4413db213,4
019b18d7-4a3e-7114-b284-0315fa4b83c6,4
019b18d7-4a3e-7114-b283-d23933c17505,4
019b18d7-4a3e-7114-b285-0060a3516438,4
019b18d7-4a3e-7114-b283-ff4e14dfcf40,4
019b18d7-4a3e-7114-b286-93bbbb65513e,4
019b18d7-4a3e-7114-b285-b0c4958abe7d,4
019b18d7-4a3e-7114-b283-f2e0518ecabb,4
019b18d7-4a3e-7114-b285-e297b6005320,4
019b18d7-4a3e-7114-b286-9edf2906a2f6,4
019b18d7-4a3e-7114-b284-181b3fcf5c91,4
019b18d7-4a3e-7114-b284-cb97d7b73ba6,4
019b18d7-4a3e-7114-b284-66e349820682,4
019b18d7-4a3e-7114-b285-131b7c0e6641,4
019b18d7-4a3e-7114-b285-ee69b6231cd9,4
019b18d7-4a3e-7114-b286-8d5ad1231143,4
019b18d7-4a3e-7114-b285-448217ffef1b,4
019b18d7-4a3e-7114-b286-237491a90c51,4
019b18d7-4a3e-7114-b284-87f4728d1d40,4
019b18d7-4a3e-7114-b286-28d0a1c7267e,4
019b18d7-4a3e-7114-b285-373cf7107fe5,4
019b18d7-4a3e-7114-b286-73a9a2202aea,4
019b18d7-4a3e-7114-b285-fda9e32277ca,4
019b18d7-4a3e-7114-b284-aab09d7bc4d7,4
019b18d7-4a3e-7114-b284-4f562a51cb07,4
019b18d7-4a3e-7114-b285-f5d691efd23d,4
019b18d7-4a3e-7114-b286-7fa04d4057f9,4
019b18d7-4a3e-7114-b285-77826ca8282b,4
019b18d7-4a3e-7114-b284-4810b601a887,4
019b18d7-4a3e-7114-b284-ad6e789a5be6,4
019b18d7-4a3e-7114-b285-7b8433380d68,4
019b18d7-4a3e-7114-b284-b2d850d6b2a0,4
019b18d7-4a3e-7114-b284-b6279bf6874d,4
019b18d7-4a3e-7114-b284-3767977d5614,4
019b18d7-4a3e-7114-b284-2ce16c147c32,4
019b18d7-4a3e-7114-b286-4d3271c3bc91,4
019b18d7-4a3e-7114-b285-80f8402638f8,4
019b18d7-4a3e-7114-b284-7342528f8ead,4
019b18d7-4a3e-7114-b285-f13dfb477a10,4
019b18d7-4a3e-7114-b286-8b5745753427,4
019b18d7-4a3e-7114-b285-0de9f26d4867,4
019b18d7-4a3e-7114-b283-c2e60c1e98cf,4
019b18d7-4a3d-739f-ab80-51313fcc1915,4
019b18d7-4a3d-739f-ab7f-aad1f0829e7c,4
019b18d7-4a3d-739f-ab7f-c1dd55d68c31,4
019b18d7-4a3d-739f-ab7f-0640ccf36555,4
019b18d7-4a3d-739f-ab7f-3313150039b3,4
019b18d7-4a3d-739f-ab7f-34530718cd56,4
019b18d7-4a3d-739f-ab7f-463462280336,4
019b18d7-4a3d-739f-ab7f-5a48b8707651,4
019b18d7-4a3d-739f-ab7f-6a6676ef24f6,4
019b18d7-4a3d-739f-ab7f-6d145aed944b,4
019b18d7-4a3d-739f-ab7f-9a1255f1d47c,4
019b18d7-4a3e-7114-b283-b55ccef8627e,4
019b18d7-4a3d-739f-ab7f-bc057638b10b,4
019b18d7-4a3d-739f-ab7f-d0c106ede629,4
019b18d7-4a3d-739f-ab7e-f6a628faf63d,4
019b18d7-4a3d-739f-ab7f-e1f10d80b200,4
019b18d7-4a3d-739f-ab80-0a645c865607,4
019b18d7-4a3d-739f-ab80-100329477ce0,4
019b18d7-4a3d-739f-ab80-1de96763fb14,4
019b18d7-4a3d-739f-ab80-21b85e578c46,4
019b18d7-4a3d-739f-ab80-4aeaee8c8010,4
019b18d7-4a3d-739f-ab80-5df83b376be1,4
019b18d7-4a3d-739f-ab80-6839f6c1852c,4
019b18d7-4a3d-739f-ab80-6e39a765b15b,4
019b18d7-4a3d-739f-ab80-78cf28446de6,4
019b18d7-4a3d-739f-ab7f-00dec6b057b0,4
019b18d7-4a3d-739f-ab7e-e337f5c05392,4
019b18d7-4a3d-739f-ab80-a13beaea9f9d,4
019b18d7-4a3d-739f-ab7d-ce2fc9162a03,4
019b18d7-4a3d-739f-ab7d-0ae7b72bdb1e,4
019b18d7-4a3d-739f-ab7d-11c5ef619c30,4
019b18d7-4a3d-739f-ab7d-49f6d971f80f,4
019b18d7-4a3d-739f-ab7d-761740a82c20,4
019b18d7-4a3d-739f-ab7d-8bd7391eb368,4
019b18d7-4a3d-739f-ab7d-974d5edf616a,4
019b18d7-4a3d-739f-ab7d-a54e4d44b7f9,4
019b18d7-4a3d-739f-ab7d-b363d7ce6c81,4
019b18d7-4a3d-739f-ab7d-c57894ea12a3,4
019b18d7-4a3d-739f-ab7d-cb1937772998,4
019b18d7-4a3d-739f-ab7d-d24d6f0c3db8,4
019b18d7-4a3d-739f-ab7e-da3a041c617f,4
019b18d7-4a3d-739f-ab7d-e0b2dba7362c,4
019b18d7-4a3d-739f-ab7d-f6dd12a1aeb1,4
019b18d7-4a3d-739f-ab7d-ff9f06c51cc5,4
019b18d7-4a3d-739f-ab7e-32d3c77eb9fb,4
019b18d7-4a3d-739f-ab7e-5125e7fc8791,4
019b18d7-4a3d-739f-ab7e-77c288c38ae8,4
019b18d7-4a3d-739f-ab7e-9b7e856e12a1,4
019b18d7-4a3d-739f-ab7e-a45fc0a2ad3b,4
019b18d7-4a3d-739f-ab7e-bdc9854d173a,4
019b18d7-4a3d-739f-ab7e-cd1ae2a11967,4
019b18d7-4a3d-739f-ab80-7dd3f19fb4d5,4
019b18d7-4a3e-7114-b286-b2a962ddd966,4
019b18d7-4a3e-7114-b283-71de63e7f702,4
019b18d7-4a3e-7114-b283-9bd82de4bff1,4
019b18d7-4a3e-7114-b283-6a172429205e,4
019b18d7-4a3e-7114-b283-6ee387b8b3d0,4
019b18d7-4a3d-739f-ab80-d40585d14f61,4
019b18d7-4a3e-7114-b283-7b458636ba12,4
019b18d7-4a3d-739f-ab81-0a46aa7a690a,4
019b18d7-4a3d-739f-ab80-c4b3dcad89bc,4
019b18d7-4a3e-7114-b283-9528dca676eb,4
019b18d7-4a3e-7114-b283-152eb879387a,4
019b18d7-4a3e-7114-b283-1a9cb39f3a31,4
019b18d7-4a3e-7114-b283-1d7c29dfb1ae,4
019b18d7-4a3e-7114-b283-5f8c8dea3bde,4
019b18d7-4a3d-739f-ab80-b64f83298a48,4
019b18d7-4a3e-7114-b283-500077e5ad2e,4
019b18d7-4a3e-7114-b283-3061e649bb0d,4
019b18d7-4a3d-739f-ab80-b374c46281aa,4
019b18d7-4a3e-7114-b283-4ff2e18a8df6,4
019b18d7-4a3e-7114-b283-2da88150ee6b,4
019b18d7-4a3e-7114-b283-25e92bce268a,4
019b18d7-4a3d-739f-ab7e-a27b23115c92,3
019b18d7-4a3e-7114-b284-05e87836c508,3
019b18d7-4a3d-739f-ab7e-c5f24b450897,3
019b18d7-4a3d-739f-ab7e-0444b1d4ac4d,3
019b18d7-4a3d-739f-ab7e-0b4d09cf3ac4,3
019b18d7-4a3d-739f-ab7e-0c6d92fdf660,3
019b18d7-4a3d-739f-ab7e-b849d533717c,3
019b18d7-4a3d-739f-ab7e-552f4a5e88f8,3
019b18d7-4a3d-739f-ab7e-3bdb67cd9bce,3
019b18d7-4a3e-7114-b283-56a2403bd737,3
019b18d7-4a3d-739f-ab7e-682c099afb9b,3
019b18d7-4a3d-739f-ab7e-b4f9fe8e3904,3
019b18d7-4a3d-739f-ab7e-70ccc7c2b670,3
019b18d7-4a3e-7114-b284-0c1384f0f1c2,3
019b18d7-4a3d-739f-ab7e-8804db89d85e,3
019b18d7-4a3d-739f-ab7d-f97c5198af64,3
019b18d7-4a3d-739f-ab7e-92ff2bdcd225,3
019b18d7-4a3e-7114-b285-c8f05e135934,3
019b18d7-4a3e-7114-b284-938fa964418e,3
019b18d7-4a3e-7114-b283-64da2a785740,3
019b18d7-4a3e-7114-b283-d776ab581c4f,3
019b18d7-4a3e-7114-b283-ca7427273f41,3
019b18d7-4a3e-7114-b286-a5d63a125524,3
019b18d7-4a3e-7114-b286-a2eae290603c,3
019b18d7-4a3e-7114-b283-ab274c756ffa,3
019b18d7-4a3d-739f-ab7d-1fb6cb340bc4,3
019b18d7-4a3d-739f-ab7d-24882a2457f4,3
019b18d7-4a3d-739f-ab7d-2ee9ec72bc8f,3
019b18d7-4a3d-739f-ab7d-357d3e5ebeec,3
019b18d7-4a3e-7114-b286-8372ff69176f,3
019b18d7-4a3d-739f-ab7d-4c6d6cf9ee1a,3
019b18d7-4a3d-739f-ab7d-51ed483f6798,3
019b18d7-4a3d-739f-ab7d-55e62aa95981,3
019b18d7-4a3d-739f-ab7d-7f446d8f5dd9,3
019b18d7-4a3d-739f-ab7d-e89f647e9b21,3
019b18d7-4a3e-7114-b286-5d0d8bc7722d,3
019b18d7-4a3d-739f-ab7d-86d2e713494f,3
019b18d7-4a3e-7114-b286-576805291990,3
019b18d7-4a3e-7114-b286-52110b1f5aaa,3
019b18d7-4a3d-739f-ab7d-8da2178a255b,3
019b18d7-4a3e-7114-b283-86ceeafdbec6,3
019b18d7-4a3d-739f-ab7d-a8177589b8d5,3
019b18d7-4a3d-739f-ab7d-af69e7b580d4,3
019b18d7-4a3e-7114-b286-377b91fde32e,3
019b18d7-4a3d-739f-ab7d-c0581ebf4056,3
019b18d7-4a3e-7114-b283-754decd5142b,3
019b18d7-4a3d-739f-ab80-a9804c204e45,3
019b18d7-4a3e-7114-b284-1e13d07b4161,3
019b18d7-4a3d-739f-ab7e-d300fba4e756,3
019b18d7-4a3e-7114-b283-3da8b3e40eb0,3
019b18d7-4a3d-739f-ab80-425288f7e4b8,3
019b18d7-4a3e-7114-b285-1acad0a2f73b,3
019b18d7-4a3d-739f-ab80-ceebf4b83f74,3
019b18d7-4a3d-739f-ab80-0ff101e943b5,3
019b18d7-4a3e-7114-b284-6aa353ddb4bc,3
019b18d7-4a3e-7114-b284-6efb3d0dc126,3
019b18d7-4a3e-7114-b284-ee6b776ffafc,3
019b18d7-4a3e-7114-b284-e9c790aa2603,3
019b18d7-4a3d-739f-ab80-c03f037e6f44,3
019b18d7-4a3d-739f-ab80-25c7ee7b55ee,3
019b18d7-4a3d-739f-ab80-3595ea733ddf,3
019b18d7-4a3e-7114-b284-d88e45f1ccc0,3
019b18d7-4a3d-739f-ab80-beaad42b0715,3
019b18d7-4a3e-7114-b285-2316f1b38842,3
019b18d7-4a3e-7114-b284-ceb56312cd2b,3
019b18d7-4a3d-739f-ab80-4fdbcb9df0ba,3
019b18d7-4a3d-739f-ab80-5a5f71baddba,3
019b18d7-4a3d-739f-ab80-ba04f529f1e8,3
019b18d7-4a3e-7114-b284-83e5062e1ab1,3
019b18d7-4a3d-739f-ab80-aef8c0822cac,3
019b18d7-4a3d-739f-ab80-857f30032c12,3
019b18d7-4a3d-739f-ab80-8e2c55812e01,3
019b18d7-4a3d-739f-ab80-9f56130962b6,3
019b18d7-4a3e-7114-b284-8d0506703a2b,3
019b18d7-4a3d-739f-ab80-a6a7916f1e35,3
019b18d7-4a3e-7114-b285-1d9bcd54f86b,3
019b18d7-4a3d-739f-ab7f-ccd9d396df1f,3
019b18d7-4a3e-7114-b283-bb9ae865bb93,3
019b18d7-4a3d-739f-ab7f-15fa395871ea,3
019b18d7-4a3d-739f-ab7f-75d7fc9b5982,3
019b18d7-4a3d-739f-ab7f-7acd5861f20d,3
019b18d7-4a3d-739f-ab80-dee11547cefc,3
019b18d7-4a3d-739f-ab7f-83c9cd2a8266,3
019b18d7-4a3d-739f-ab7f-5447be090569,3
019b18d7-4a3e-7114-b285-4b64bd223277,3
019b18d7-4a3e-7114-b283-2353ef63c6e9,3
019b18d7-4a3d-739f-ab7f-27be6e5f3287,3
019b18d7-4a3d-739f-ab7f-9ec822362080,3
019b18d7-4a3e-7114-b284-45decbb58012,3
019b18d7-4a3d-739f-ab80-ff3517dfa01e,3
019b18d7-4a3d-739f-ab7f-ae22df3f4304,3
019b18d7-4a3d-739f-ab7f-b4bbe87862ed,3
019b18d7-4a3e-7114-b284-32e40d18c998,3
019b18d7-4a3d-739f-ab7f-bb84c0fde637,3
019b18d7-4a3d-739f-ab7e-f31f3d1d95f3,3
019b18d7-4a3e-7114-b285-9259234582bb,3
019b18d7-4a3d-739f-ab80-f26e2a1402d6,3
019b18d7-4a3d-739f-ab81-180da394aca3,3
019b18d7-4a3e-7114-b286-9bc066f2fa8b,2
019b18d7-4a3e-7114-b284-9abff43acce5,2
019b18d7-4a3d-739f-ab7d-3ed1104b3285,2
019b18d7-4a3d-739f-ab7f-62cf2058b8af,2
019b18d7-4a3d-739f-ab7d-048fbcb5996c,2
019b18d7-4a3e-7114-b286-176b0d71aee9,2
019b18d7-4a3d-739f-ab7d-6a5422443eb6,2
019b18d7-4a3d-739f-ab7d-6df3b7eb3ba1,2
019b18d7-4a3e-7114-b283-5adbdbec2dcc,2
019b18d7-4a3d-739f-ab7e-37891db8a3b0,2
019b18d7-4a3d-739f-ab7f-97fbd9d3260d,2
019b18d7-4a3e-7114-b283-92238cb0d6fe,2
019b18d7-4a3e-7114-b284-f46c39925128,2
019b18d7-4a3d-739f-ab7f-eed58fd57054,2
019b18d7-4a3d-739f-ab7e-e5f36984e9c4,2
019b18d7-4a3e-7114-b283-eb757a2b0a1f,2
019b18d7-4a3d-739f-ab7f-c97c6c61ecf5,2
019b18d7-4a3d-739f-ab7d-f312464adfc1,2
019b18d7-4a3d-739f-ab7e-5ff0b892019b,2
